{"type": "FeatureCollection", "features": [{"type": "Feature", "properties": {"area_id": "", "name": "AL QOUZ IND.FOURTH", "type": "background"}, "geometry": {"type": "Polygon", "coordinates": [[[55.236699107624, 25.1271930449148], [55.2483757514164, 25.1194096176739], [55.2330305935826, 25.1023473915216], [55.2182096709542, 25.1122305996334], [55.2325320551971, 25.1299797096892], [55.236699107624, 25.1271930449148]]]}}, {"type": "Feature", "properties": {"area_id": "jvc", "name": "AL BARSHA SOUTH FOURTH", "type": "yield"}, "geometry": {"type": "Polygon", "coordinates": [[[55.2108090325971, 25.0765575928916], [55.2161858533811, 25.0718225605709], [55.2191434627868, 25.0675729673117], [55.2234887022598, 25.0518685755102], [55.2097992940091, 25.0456198831357], [55.1995454269521, 25.0433180410268], [55.1955430161368, 25.0513216918261], [55.1957037839237, 25.0582187718261], [55.1986704000795, 25.0636554023014], [55.2102436778246, 25.0769272474451], [55.2108090325971, 25.0765575928916]]]}}, {"type": "Feature", "properties": {"area_id": "", "name": "AL KIFAF", "type": "background"}, "geometry": {"type": "Polygon", "coordinates": [[[55.2988618536778, 25.237849569329], [55.3049863603066, 25.2346823271399], [55.3048972595292, 25.2337254274553], [55.2896244656162, 25.2298580590894], [55.2953577383205, 25.2396631749623], [55.2988618536778, 25.237849569329]]]}}, {"type": "Feature", "properties": {"area_id": "", "name": "AL NAHDA FIRST", "type": "background"}, "geometry": {"type": "Polygon", "coordinates": [[[55.3771771767709, 25.2978664877497], [55.3779071486773, 25.2976517485807], [55.3751561499596, 25.2964700020769], [55.3690676215888, 25.2912358728477], [55.365134261122, 25.2862086633818], [55.3604856948222, 25.2781664054421], [55.3557206117696, 25.2810378444049], [55.3587595404986, 25.2847836129185], [55.3623473504881, 25.2994068996054], [55.3637620763273, 25.2979620684743], [55.3722238184524, 25.2969086285968], [55.3771771767709, 25.2978664877497]]]}}, {"type": "Feature", "properties": {"area_id": "", "name": "DUBAI INT'L AIRPORT", "type": "background"}, "geometry": {"type": "Polygon", "coordinates": [[[55.364106834685, 25.2674233992011], [55.3871228885622, 25.254327425482], [55.3874765181379, 25.2459320256694], [55.3970817220142, 25.2403674495659], [55.4042376617888, 25.2400482369949], [55.4034693254523, 25.2329171255573], [55.3964809261865, 25.2301489286167], [55.3913601002617, 25.2305482247546], [55.3681201553807, 25.2417672944871], [55.3569249677414, 25.2451727454507], [55.3370243243781, 25.2560523377531], [55.3373222204355, 25.2590944849948], [55.3364289214188, 25.263562951393], [55.3489584513909, 25.2748551237851], [55.3557381681229, 25.2685081649288], [55.364106834685, 25.2674233992011]]]}}, {"type": "Feature", "properties": {"area_id": "", "name": "UMM AL SHEIF", "type": "background"}, "geometry": {"type": "Polygon", "coordinates": [[[55.2028790003747, 25.1236825936764], [55.2020070750402, 25.1230589390426], [55.1950406057671, 25.1280356798853], [55.2044681336763, 25.1401046523119], [55.2142427034915, 25.1337305286613], [55.2103699224095, 25.1291144119786], [55.2028790003747, 25.1236825936764]]]}}, {"type": "Feature", "properties": {"area_id": "", "name": "AL HATHMAH", "type": "background"}, "geometry": {"type": "Polygon", "coordinates": [[[55.3827927310936, 24.8005974512482], [55.4423354398026, 24.8535515537614], [55.4520200462031, 24.8484371707892], [55.4715926538783, 24.8418899303889], [55.478815764239, 24.8382376257657], [55.4877199017797, 24.8317986452712], [55.4938411301995, 24.826132494477], [55.5011313347769, 24.8172773019351], [55.5081925898192, 24.8040175426193], [55.513411940482, 24.7883904203444], [55.4902454576782, 24.7716898181996], [55.4615857279674, 24.7715566381452], [55.436619308167, 24.769921611141], [55.4094929606072, 24.7645289712619], [55.3827927310936, 24.8005974512482]]]}}, {"type": "Feature", "properties": {"area_id": "", "name": "AL QOUZ IND.FIRST", "type": "background"}, "geometry": {"type": "Polygon", "coordinates": [[[55.2356156025, 25.155438754953], [55.2469179607547, 25.147898967865], [55.2325320551971, 25.1299797096892], [55.217936039125, 25.1396553517829], [55.2302070777988, 25.159009890061], [55.2356156025, 25.155438754953]]]}}, {"type": "Feature", "properties": {"area_id": "jvc", "name": "AL BARSHA SOUTH SECOND", "type": "yield"}, "geometry": {"type": "Polygon", "coordinates": [[[55.2498666594886, 25.0702926073118], [55.2498085372428, 25.0683065489318], [55.2338117064993, 25.0681703043254], [55.2283050783083, 25.0633819942272], [55.2210220553196, 25.0616975692478], [55.2196003075082, 25.0665712780187], [55.2168307928087, 25.0711008776202], [55.2245052043777, 25.0790959314424], [55.2266551084408, 25.0803071602236], [55.249958347793, 25.0812609275417], [55.2498666594886, 25.0702926073118]]]}}, {"type": "Feature", "properties": {"area_id": "", "name": "REMAH", "type": "background"}, "geometry": {"type": "Polygon", "coordinates": [[[55.6714180238747, 24.8896003938196], [55.6728581751187, 24.8885454871634], [55.6927914297821, 24.9013746327094], [55.7167168553672, 24.8340101996631], [55.7235284894463, 24.8083765675106], [55.642599732974, 24.7848105057566], [55.6167073001457, 24.8520030289681], [55.6674066029688, 24.8850358929552], [55.6714180238747, 24.8896003938196]]]}}, {"type": "Feature", "properties": {"area_id": "ras-al-khor", "name": "RAS AL KHOR IND. THIRD", "type": "yield"}, "geometry": {"type": "Polygon", "coordinates": [[[55.380157086628, 25.1831863435418], [55.3970701341621, 25.1800204858897], [55.3953797251688, 25.1722306769825], [55.3911087102782, 25.1605150032664], [55.3802890208071, 25.1650324695731], [55.3658574137082, 25.1680153444327], [55.3708421342093, 25.18492223076], [55.380157086628, 25.1831863435418]]]}}, {"type": "Feature", "properties": {"area_id": "", "name": "AL O'SHOOSH", "type": "background"}, "geometry": {"type": "Polygon", "coordinates": [[[55.4011538721935, 24.7222664107786], [55.4011963886216, 24.6972820049993], [55.3544696063453, 24.6484390356853], [55.3583105372543, 24.6265490343528], [55.334563552928, 24.6230788337961], [55.3238503950757, 24.6260035817255], [55.3076765977224, 24.7058414966691], [55.3355662808459, 24.7058436733758], [55.4011538721935, 24.7222664107786]]]}}, {"type": "Feature", "properties": {"area_id": "", "name": "AL LAYAN 2", "type": "background"}, "geometry": {"type": "Polygon", "coordinates": [[[55.2028350521651, 24.7328676863636], [55.1490335234094, 24.7180174018429], [55.1102821790244, 24.7640676997626], [55.1614693498445, 24.784949739853], [55.2028350521651, 24.7328676863636]]]}}, {"type": "Feature", "properties": {"area_id": "", "name": "AL NAHDA SECOND", "type": "background"}, "geometry": {"type": "Polygon", "coordinates": [[[55.38842208342, 25.2957254203803], [55.3784175106149, 25.2814388764945], [55.3666340737436, 25.2881581923419], [55.3715110495651, 25.2937628549268], [55.3779071486773, 25.2976517485807], [55.3825943019219, 25.2982009115773], [55.38842208342, 25.2957254203803]]]}}, {"type": "Feature", "properties": {"area_id": "", "name": "SAIH SHUA'ALAH", "type": "background"}, "geometry": {"type": "Polygon", "coordinates": [[[55.4012056868235, 24.6918175490864], [55.4632910862367, 24.6917767186409], [55.4966020276933, 24.6466774448543], [55.3583105372543, 24.6265490343528], [55.3544696063453, 24.6484390356853], [55.4011963886216, 24.6972820049993], [55.4012056868235, 24.6918175490864]]]}}, {"type": "Feature", "properties": {"area_id": "", "name": "AL GARHOUD", "type": "background"}, "geometry": {"type": "Polygon", "coordinates": [[[55.3690331597278, 25.2413157174406], [55.3532003698093, 25.2299715140077], [55.3491914978785, 25.2346029505542], [55.3401602740896, 25.2409858673612], [55.33670649682, 25.249615971766], [55.3370243243781, 25.2560523377531], [55.3569249677414, 25.2451727454507], [55.3690331597278, 25.2413157174406]]]}}, {"type": "Feature", "properties": {"area_id": "", "name": "AL MANARA", "type": "background"}, "geometry": {"type": "Polygon", "coordinates": [[[55.2143813263652, 25.1339472953113], [55.2044681336763, 25.1401046523119], [55.2159382330351, 25.1546932543329], [55.2239867695689, 25.1493372086328], [55.2143813263652, 25.1339472953113]]]}}, {"type": "Feature", "properties": {"area_id": "", "name": "NADD SHAMMA", "type": "background"}, "geometry": {"type": "Polygon", "coordinates": [[[55.3856386228249, 25.2189142948569], [55.3946476274587, 25.2157874172991], [55.3932568073958, 25.2126013803443], [55.3806748842541, 25.2138246098428], [55.3759825176623, 25.2174730421117], [55.3763513001093, 25.222067785509], [55.3856386228249, 25.2189142948569]]]}}, {"type": "Feature", "properties": {"area_id": "", "name": "OUD METHA", "type": "background"}, "geometry": {"type": "Polygon", "coordinates": [[[55.3167279734416, 25.2306218658268], [55.3164106496438, 25.2287441812596], [55.3049863603066, 25.2346823271399], [55.3052635856484, 25.2375981629683], [55.3142143973189, 25.247755174419], [55.3165776669967, 25.2411204826802], [55.3173725738404, 25.2343862868484], [55.3167279734416, 25.2306218658268]]]}}, {"type": "Feature", "properties": {"area_id": "", "name": "AL MAMZAR", "type": "background"}, "geometry": {"type": "Polygon", "coordinates": [[[55.348144096398, 25.3133506160481], [55.3477360088613, 25.3073970145715], [55.3511597952159, 25.29936341535], [55.3528500690474, 25.2983424512678], [55.3554400989818, 25.2984995277203], [55.3570369833753, 25.2996727865998], [55.3577603142799, 25.3018635578716], [55.3572694247201, 25.3030472370159], [55.3527554398248, 25.3064654193014], [55.3506536957939, 25.3094729706606], [55.3497246755132, 25.3093691568646], [55.3505747275344, 25.309699677535], [55.3496247006687, 25.3124099107032], [55.3623473517296, 25.2994069007336], [55.3587595417399, 25.2847836140467], [55.3557206130109, 25.2810378455331], [55.3358141454002, 25.2983354979997], [55.3386939688051, 25.3011609082938], [55.3387437233395, 25.3034899012128], [55.3414648660143, 25.3066131556423], [55.3405215353073, 25.308021433065], [55.3381042339874, 25.3093156837519], [55.3392098693289, 25.3109494499612], [55.338812582843, 25.3128084068717], [55.3397234254492, 25.3130882373364], [55.3427670574508, 25.3183125593598], [55.3443053843644, 25.3181757556301], [55.3435950984685, 25.3192754509344], [55.3441365232819, 25.3212676637805], [55.3447139219688, 25.3212645240375], [55.3444647692168, 25.3204825985973], [55.3452465043554, 25.3206145857442], [55.3467024038081, 25.3222875413391], [55.3458829711285, 25.3228929607799], [55.3463680379116, 25.3249141371357], [55.3466807968311, 25.3242351550726], [55.3483957100685, 25.3247622346818], [55.3488855739719, 25.3257750496071], [55.3481043853906, 25.3263602473856], [55.3500721153134, 25.3277753569215], [55.3509317711045, 25.3268607412935], [55.3522612164152, 25.3276527028563], [55.3514986407701, 25.3279405911653], [55.3539327169008, 25.3278225578981], [55.3547393836211, 25.3263926526519], [55.353761599081, 25.3234282069809], [55.3522023059916, 25.321940182355], [55.352817835171, 25.3203784160428], [55.3502949070329, 25.3186364995694], [55.348144096398, 25.3133506160481]]]}}, {"type": "Feature", "properties": {"area_id": "", "name": "AL AWIR SECOND", "type": "background"}, "geometry": {"type": "Polygon", "coordinates": [[[55.6416556523731, 25.1514597514218], [55.613340808297, 25.1512934149185], [55.614645313696, 25.143138691154], [55.5283359042669, 25.1422260034012], [55.5272724268122, 25.1470298983783], [55.5253045451073, 25.1506975318408], [55.5113345216348, 25.1618473445988], [55.5139297076239, 25.1633551565858], [55.5213745926441, 25.1644132975894], [55.5329784173135, 25.1702970461972], [55.5453011512465, 25.1787301575776], [55.5506313176574, 25.1796320100923], [55.555918166568, 25.1778340915296], [55.5580003623559, 25.178041460076], [55.5751807506835, 25.1884569901811], [55.584335455293, 25.1927758509781], [55.6027452546143, 25.194606670368], [55.6077453910886, 25.1896025964319], [55.6105382032035, 25.1887062266107], [55.6330289537643, 25.1925529524329], [55.6416556523731, 25.1514597514218]]]}}, {"type": "Feature", "properties": {"area_id": "", "name": "AL SHINDAGHA", "type": "background"}, "geometry": {"type": "Polygon", "coordinates": [[[55.2922063453989, 25.2699193077121], [55.2905142751697, 25.2678778667816], [55.2905038454857, 25.2659421983937], [55.2910881082364, 25.2658045762605], [55.290565114801, 25.2651838539113], [55.2840145358346, 25.2609639528666], [55.2904338572979, 25.2706882029189], [55.2943945102079, 25.2722780789074], [55.2939447642701, 25.2709964747274], [55.2922063453989, 25.2699193077121]]]}}, {"type": "Feature", "properties": {"area_id": "", "name": "AL THANYAH  FOURTH", "type": "background"}, "geometry": {"type": "Polygon", "coordinates": [[[55.1982287059474, 25.064081427715], [55.1760417180966, 25.0391455246461], [55.1695571423894, 25.0439326853097], [55.1720925265484, 25.0475710366897], [55.1714283558321, 25.0516637510959], [55.1654032439171, 25.0555741724974], [55.146434864286, 25.0707523092401], [55.1508414687825, 25.0750826921252], [55.1595088343374, 25.0780763844728], [55.162693496282, 25.075262992635], [55.168896704196, 25.0754550730174], [55.1749863783724, 25.0762430667604], [55.1772633828685, 25.0773352979632], [55.1785706647821, 25.0794183677504], [55.1982287059474, 25.064081427715]]]}}, {"type": "Feature", "properties": {"area_id": "creek-harbour", "name": "NADD AL SHIBA THIRD", "type": "yield"}, "geometry": {"type": "Polygon", "coordinates": [[[55.3718980364486, 25.1670570029675], [55.3850495646874, 25.163469164174], [55.3911087102782, 25.1605150032664], [55.3819747555838, 25.1386902840821], [55.3683403854983, 25.1441827353055], [55.3615386563772, 25.1514421351806], [55.3658574137082, 25.1680153444327], [55.3718980364486, 25.1670570029675]]]}}, {"type": "Feature", "properties": {"area_id": "", "name": "AYAL NASIR", "type": "background"}, "geometry": {"type": "Polygon", "coordinates": [[[55.3062877239102, 25.2740320026456], [55.3065062673071, 25.2734543052035], [55.3023767287072, 25.2714946059162], [55.3015517682508, 25.275150424723], [55.3048077803455, 25.2768933285386], [55.3062877239102, 25.2740320026456]]]}}, {"type": "Feature", "properties": {"area_id": "international-city", "name": "WARSAN THIRD", "type": "yield"}, "geometry": {"type": "Polygon", "coordinates": [[[55.4920768561212, 25.1645449667514], [55.4955098862128, 25.1644444016915], [55.4893826510567, 25.1581481159551], [55.4668568143059, 25.1401957733069], [55.4374134446732, 25.1400279855835], [55.4307858070857, 25.141826939847], [55.4567716565276, 25.1609893782177], [55.4584501113691, 25.1631184049416], [55.4600620733196, 25.1680368930419], [55.4758827025203, 25.1651511771956], [55.4920768561212, 25.1645449667514]]]}}, {"type": "Feature", "properties": {"area_id": "", "name": "AL QUSAIS FIRST", "type": "background"}, "geometry": {"type": "Polygon", "coordinates": [[[55.3733250972034, 25.2843922172541], [55.3847305177225, 25.2776544422401], [55.3779558552013, 25.2679344101885], [55.3604856948222, 25.2781664054421], [55.3666340737436, 25.2881581923419], [55.3733250972034, 25.2843922172541]]]}}, {"type": "Feature", "properties": {"area_id": "", "name": "AL KHWANEEJ FIRST", "type": "background"}, "geometry": {"type": "Polygon", "coordinates": [[[55.512225804976, 25.2546531423173], [55.5034268662908, 25.2302902097343], [55.5035853756647, 25.2229599583282], [55.4648983815928, 25.228614369146], [55.4726166885311, 25.2696808804477], [55.512225804976, 25.2546531423173]]]}}, {"type": "Feature", "properties": {"area_id": "", "name": "AL QUSAIS IND. THIRD", "type": "background"}, "geometry": {"type": "Polygon", "coordinates": [[[55.3967049363622, 25.2984482828133], [55.3947951356828, 25.2920217839044], [55.3843318826254, 25.2978031279597], [55.3771771767709, 25.2978664877497], [55.3860617267671, 25.302478572533], [55.3967049363622, 25.2984482828133]]]}}, {"type": "Feature", "properties": {"area_id": "", "name": "AL MIZHAR FIRST", "type": "background"}, "geometry": {"type": "Polygon", "coordinates": [[[55.4559260709916, 25.2575631934217], [55.4508674804299, 25.2307746649554], [55.4254438833513, 25.2346924446512], [55.4263904445205, 25.2395575034549], [55.4308823865741, 25.2467582917212], [55.429767521528, 25.2553077499595], [55.4361015503974, 25.2564138183026], [55.4405700996961, 25.2582250992108], [55.4559260709916, 25.2575631934217]]]}}, {"type": "Feature", "properties": {"area_id": "al-furjan", "name": "JABAL ALI FIRST", "type": "yield"}, "geometry": {"type": "Polygon", "coordinates": [[[55.1327018281843, 25.0647370031179], [55.1382314616336, 25.058939772247], [55.1450740431102, 25.049650400019], [55.1703412271709, 25.0293595766305], [55.163502961198, 25.023321602583], [55.1581514609308, 25.0172760435129], [55.152552359882, 25.0183074957532], [55.1307985574331, 25.016681600983], [55.098072648056, 25.0179965622417], [55.1026003019336, 25.0295394423967], [55.1327018281843, 25.0647370031179]]]}}, {"type": "Feature", "properties": {"area_id": "", "name": "AL AWIR FIRST", "type": "background"}, "geometry": {"type": "Polygon", "coordinates": [[[55.6330289525214, 25.192552951307], [55.6104068197926, 25.1887070493255], [55.6076450321882, 25.189679738146], [55.6027452533717, 25.1946066692418], [55.5866047283526, 25.1932706530636], [55.5761337773606, 25.1889752142184], [55.5577942791365, 25.1779601204532], [55.5556516974202, 25.1778929241155], [55.5506313164154, 25.1796320089657], [55.5450634260048, 25.1786352324604], [55.5328116549703, 25.1701974557161], [55.5200324059787, 25.1638702998415], [55.5139297063824, 25.1633551554589], [55.5113345203933, 25.1618473434719], [55.5058441777413, 25.1638922504218], [55.4955098862128, 25.1644444016915], [55.5112657341365, 25.1746914476373], [55.5435689425747, 25.2001148568829], [55.5511150632495, 25.2087339309667], [55.5539906564233, 25.2131439588767], [55.5645676297639, 25.2347702757719], [55.6293374121814, 25.2101300487571], [55.6330289525214, 25.192552951307]]]}}, {"type": "Feature", "properties": {"area_id": "", "name": "HEFAIR", "type": "background"}, "geometry": {"type": "Polygon", "coordinates": [[[55.2424613811364, 24.7437907369725], [55.2934789456277, 24.7578355442496], [55.293487753345, 24.730213512875], [55.3037203807371, 24.7176441209039], [55.3076766014281, 24.7058414977983], [55.3238503963102, 24.6260035822898], [55.2023694449507, 24.6591172275006], [55.1490335246432, 24.7180174029729], [55.2424613811364, 24.7437907369725]]]}}, {"type": "Feature", "properties": {"area_id": "dubai-marina", "name": "MARSA DUBAI", "type": "yield"}, "geometry": {"type": "Polygon", "coordinates": [[[55.1176799729953, 25.0806063045919], [55.1170867231356, 25.081173722233], [55.1242514187904, 25.091293434058], [55.1242418146731, 25.0969362546554], [55.1303073169306, 25.0971628884337], [55.1376587905805, 25.0992185132649], [55.1428281088553, 25.1045483030465], [55.1497249758083, 25.0987816792287], [55.1448800362557, 25.0936589760107], [55.1459038938309, 25.0928081275446], [55.1480363782305, 25.0948205889871], [55.1499676342543, 25.0933225821873], [55.148786278346, 25.0919753400361], [55.1551480174522, 25.0869007225976], [55.1437534095287, 25.0771190115218], [55.1327018294214, 25.064737004248], [55.1243257793804, 25.0714416063528], [55.1234980050756, 25.0710918112427], [55.1195126926369, 25.0739552065219], [55.1185283865825, 25.0762202997019], [55.1192302106948, 25.0779494308506], [55.117666323854, 25.0788857667068], [55.1176799729953, 25.0806063045919]]]}}, {"type": "Feature", "properties": {"area_id": "", "name": "MUGATRAH", "type": "background"}, "geometry": {"type": "Polygon", "coordinates": [[[55.1955870530043, 24.8618272128865], [55.2416140017007, 24.8358381656694], [55.2503881247238, 24.8178904164968], [55.256924261477, 24.8202411710628], [55.2670437240045, 24.8053764882431], [55.2742791139604, 24.7990513879472], [55.3108705847494, 24.7626186697366], [55.2028350533995, 24.7328676874931], [55.1288292362499, 24.8260065743443], [55.1478284633154, 24.8384280246209], [55.1603104678539, 24.8476331351008], [55.1721502957929, 24.8575226078713], [55.1842677845216, 24.869048618016], [55.1955870530043, 24.8618272128865]]]}}, {"type": "Feature", "properties": {"area_id": "", "name": "MADINAT HIND 4", "type": "background"}, "geometry": {"type": "Polygon", "coordinates": [[[55.3648398563644, 24.9642909307331], [55.3634339260322, 24.9640140585466], [55.3593030479171, 24.9736898338596], [55.3533723640589, 24.9827649103271], [55.3477090686869, 24.9890749006089], [55.3395095360443, 24.996260571482], [55.3354604498664, 25.0014468731517], [55.3166719307886, 25.0386245550137], [55.3141746974463, 25.0420735449719], [55.3349693453773, 25.0504275845109], [55.3895163555724, 25.051005285469], [55.3981652077434, 25.0493459810582], [55.4039101846447, 25.0559114004076], [55.4076823255762, 25.0523737856201], [55.4098842287429, 25.0472533289107], [55.4066974257474, 25.0343263273743], [55.4069630017322, 25.004236742783], [55.3997922017193, 24.9946708227653], [55.399417460011, 24.9906534971057], [55.4008891598085, 24.9869113752056], [55.3938866432328, 24.9836385912728], [55.3896052858432, 24.9806399823455], [55.3755797425817, 24.9686064134472], [55.3692435829201, 24.9655209899384], [55.3648398563644, 24.9642909307331]]]}}, {"type": "Feature", "properties": {"area_id": "town-square", "name": "WADI AL SAFA 4", "type": "yield"}, "geometry": {"type": "Polygon", "coordinates": [[[55.3351007382698, 25.0827756592245], [55.3373847778318, 25.0795479013607], [55.3011654351545, 25.0582734720443], [55.2973450909548, 25.0627196667667], [55.2957484688325, 25.0658788614161], [55.3309003191174, 25.0978969370743], [55.3338560979798, 25.0892177663997], [55.3332088299345, 25.0843635133281], [55.3351007382698, 25.0827756592245]]]}}, {"type": "Feature", "properties": {"area_id": "", "name": "MADINAT AL MATAAR", "type": "background"}, "geometry": {"type": "Polygon", "coordinates": [[[55.1820034613648, 24.9644373645628], [55.2043397115311, 24.9596918614167], [55.2161475229743, 24.9556121537251], [55.2344385740143, 24.9537747774905], [55.2285634388995, 24.9340816917347], [55.222299078632, 24.9199941764545], [55.2138785501463, 24.9056428553874], [55.2029964689946, 24.8904312769221], [55.1900489129879, 24.8751266566425], [55.1762419053594, 24.8612463481317], [55.162247516305, 24.8491700625984], [55.1488463906876, 24.8391334486436], [55.1288292350153, 24.8260065732142], [55.0721607765259, 24.8991113655983], [55.1039121028706, 24.9195924344064], [55.1117569773639, 24.9258388903596], [55.1193307122005, 24.9331952716478], [55.1271320250522, 24.9426963461298], [55.1336656668784, 24.9530510654689], [55.1387880822078, 24.964067326342], [55.1422673698475, 24.9749834775803], [55.1608639629493, 24.9690815967473], [55.1820034613648, 24.9644373645628]]]}}, {"type": "Feature", "properties": {"area_id": "", "name": "AL QOUZ IND.SECOND", "type": "background"}, "geometry": {"type": "Polygon", "coordinates": [[[55.253991736505, 25.1441927067565], [55.2610628003784, 25.1443678437739], [55.2603323253078, 25.1386170935321], [55.256272426618, 25.1289197045534], [55.2483757514164, 25.1194096176739], [55.2325320551971, 25.1299797096892], [55.2469179607547, 25.147898967865], [55.253991736505, 25.1441927067565]]]}}, {"type": "Feature", "properties": {"area_id": "", "name": "UMM RAMOOL", "type": "background"}, "geometry": {"type": "Polygon", "coordinates": [[[55.3767239839669, 25.2375764034346], [55.3778254774489, 25.2370615260536], [55.3777736535617, 25.2310133222239], [55.3759825176623, 25.2174730421117], [55.356375708193, 25.2274163551285], [55.3532003698093, 25.2299715140077], [55.3690331597278, 25.2413157174406], [55.3767239839669, 25.2375764034346]]]}}, {"type": "Feature", "properties": {"area_id": "", "name": "AL WARQA'A FOURTH", "type": "background"}, "geometry": {"type": "Polygon", "coordinates": [[[55.440203243735, 25.2019498647972], [55.4452086980183, 25.1962229015249], [55.4498490126859, 25.1930327066217], [55.4462414783745, 25.1864636749225], [55.4427258893497, 25.1713276148301], [55.4277196118072, 25.1741725041133], [55.4284071450544, 25.1781169756602], [55.427418630004, 25.1826853971813], [55.4292528894601, 25.194013409012], [55.4317257891109, 25.1970539625394], [55.4394794905126, 25.2026003370932], [55.440203243735, 25.2019498647972]]]}}, {"type": "Feature", "properties": {"area_id": "", "name": "ALEYAS", "type": "background"}, "geometry": {"type": "Polygon", "coordinates": [[[55.5563391007343, 25.2276561119354], [55.5605005144073, 25.2260950806041], [55.5511150632495, 25.2087339309667], [55.5435689425747, 25.2001148568829], [55.5323623068374, 25.1911031549625], [55.528524094894, 25.1919445407795], [55.5256989988275, 25.1935041806502], [55.5128506933516, 25.2070160057005], [55.5249701521268, 25.2159286872297], [55.5493582669219, 25.2310990763794], [55.5563391007343, 25.2276561119354]]]}}, {"type": "Feature", "properties": {"area_id": "", "name": "AL BUTEEN", "type": "background"}, "geometry": {"type": "Polygon", "coordinates": [[[55.2978960907614, 25.2672582983321], [55.2972744996668, 25.2692456885738], [55.3004807125824, 25.2707720253244], [55.3023676320451, 25.2682628853431], [55.3017866124991, 25.2671100671081], [55.2978960907614, 25.2672582983321]]]}}, {"type": "Feature", "properties": {"area_id": "", "name": "YARAAH", "type": "background"}, "geometry": {"type": "Polygon", "coordinates": [[[55.6218096454525, 24.7198657456629], [55.6197969393988, 24.7284921864175], [55.6018309135158, 24.7717174414945], [55.6432199482794, 24.7850095739591], [55.7235284696091, 24.8083765495072], [55.7371036000243, 24.7572587225806], [55.7206242010662, 24.7502629395707], [55.6218096454525, 24.7198657456629]]]}}, {"type": "Feature", "properties": {"area_id": "dubai-land", "name": "AL YALAYIS 5", "type": "yield"}, "geometry": {"type": "Polygon", "coordinates": [[[55.2848480704876, 24.9858353923579], [55.3057174134001, 24.9738237845916], [55.2945347715856, 24.9636822518978], [55.2931080711816, 24.961332017925], [55.2921208250844, 24.9571314198735], [55.2613564013977, 24.9500124455022], [55.2484580081779, 24.9510103027645], [55.2344385740143, 24.9537747774905], [55.2399373985154, 24.9758867101486], [55.2443779954457, 24.9857657723136], [55.2489687025436, 24.9920061771564], [55.2601407044365, 25.0027047608225], [55.2718426197712, 24.9940645595932], [55.2848480704876, 24.9858353923579]]]}}, {"type": "Feature", "properties": {"area_id": "dso", "name": "MUHAISANAH THIRD", "type": "yield"}, "geometry": {"type": "Polygon", "coordinates": [[[55.4092905852845, 25.273527469439], [55.415185479074, 25.2700669222519], [55.4099496388849, 25.2637778095589], [55.3962935402531, 25.2709518225865], [55.3966957838228, 25.2808363689978], [55.4092905852845, 25.273527469439]]]}}, {"type": "Feature", "properties": {"area_id": "dso", "name": "MUHAISANAH FIFTH", "type": "yield"}, "geometry": {"type": "Polygon", "coordinates": [[[55.443786760702, 25.2806100375788], [55.4392911656838, 25.2715320376754], [55.4222700698715, 25.2785031983899], [55.4277469457125, 25.2866964279822], [55.443786760702, 25.2806100375788]]]}}, {"type": "Feature", "properties": {"area_id": "creek-harbour", "name": "NADD AL SHIBA SECOND", "type": "yield"}, "geometry": {"type": "Polygon", "coordinates": [[[55.3324785654895, 25.1696438150517], [55.3613343478123, 25.1688377509973], [55.3658574137082, 25.1680153444327], [55.3616974040151, 25.1516948691203], [55.3463729057147, 25.1420107079052], [55.3259515806064, 25.1681812150279], [55.328530597159, 25.1695895849971], [55.3324785654895, 25.1696438150517]]]}}, {"type": "Feature", "properties": {"area_id": "discovery-gardens", "name": "JABAL ALI SECOND", "type": "yield"}, "geometry": {"type": "Polygon", "coordinates": [[[55.1326886887859, 25.064747547381], [55.1083746741921, 25.0367448517588], [55.097645218603, 25.0444848640391], [55.1036250299404, 25.0513020711153], [55.1099405002739, 25.0566190114176], [55.118908375009, 25.0671610697439], [55.1241919131893, 25.0715052942547], [55.1326886887859, 25.064747547381]]]}}, {"type": "Feature", "properties": {"area_id": "dso", "name": "MUHAISNAH FIRST", "type": "yield"}, "geometry": {"type": "Polygon", "coordinates": [[[55.425852474489, 25.2369038497534], [55.4254438833513, 25.2346924446512], [55.410656087231, 25.234971738889], [55.4066462580521, 25.2346307496836], [55.4034693254523, 25.2329171255573], [55.4055547045199, 25.2517377917228], [55.429767521528, 25.2553077499595], [55.4308823865741, 25.2467582917212], [55.426539549758, 25.2398553064115], [55.425852474489, 25.2369038497534]]]}}, {"type": "Feature", "properties": {"area_id": "", "name": "AL WARQA'A SECOND", "type": "background"}, "geometry": {"type": "Polygon", "coordinates": [[[55.4199868972438, 25.2090223889319], [55.4210087569895, 25.2087690063829], [55.4179963825595, 25.200393506468], [55.4151155514867, 25.1952405772844], [55.4127330420159, 25.1932017195173], [55.408485488382, 25.1912901632221], [55.4040929790307, 25.1958330310145], [55.3968217812322, 25.1984993652553], [55.4027926827772, 25.2123354186887], [55.4067221795439, 25.2123154660059], [55.4199868972438, 25.2090223889319]]]}}, {"type": "Feature", "properties": {"area_id": "", "name": "PORT SAEED", "type": "background"}, "geometry": {"type": "Polygon", "coordinates": [[[55.3328353030823, 25.2620644744894], [55.3336294542108, 25.2610173243216], [55.3364289214188, 25.263562951393], [55.3373420645587, 25.2588056151948], [55.33670649682, 25.249615971766], [55.3406762904615, 25.2393067857568], [55.3401401760589, 25.2365444912525], [55.3384744379356, 25.2346467176585], [55.3322894782769, 25.2418706856332], [55.3316840007396, 25.243937905268], [55.3325200500723, 25.2441524883693], [55.3325414893494, 25.2456833359992], [55.331298280373, 25.2452932144795], [55.3318427927085, 25.2453461473406], [55.3319222005958, 25.2451385229525], [55.3313266509573, 25.2451114345184], [55.3316839901382, 25.2447232701311], [55.3314557084275, 25.2442087180221], [55.3309378151795, 25.2465163739645], [55.3290859514674, 25.2488228756618], [55.3274683856209, 25.2500679928439], [55.3269154685782, 25.2494108365978], [55.3256465476766, 25.2497075985784], [55.3250672147753, 25.2501409980923], [55.3258819520954, 25.2508721703813], [55.3220057330089, 25.2529466029995], [55.3296089432416, 25.2640413762711], [55.3328353030823, 25.2620644744894]]]}}, {"type": "Feature", "properties": {"area_id": "", "name": "JABAL ALI INDUSTRIAL FIRST", "type": "background"}, "geometry": {"type": "Polygon", "coordinates": [[[55.1581514609308, 25.0172760435129], [55.1525462525184, 25.0089460389981], [55.1481026131744, 24.9993985624398], [55.1422673698475, 24.9749834775803], [55.1201921400625, 24.9798077406873], [55.0930294809086, 24.9876292575465], [55.098072648056, 25.0179965622417], [55.1307985574331, 25.016681600983], [55.152552359882, 25.0183074957532], [55.1581514609308, 25.0172760435129]]]}}, {"type": "Feature", "properties": {"area_id": "dubai-hills", "name": "AL HEBIAH FIRST", "type": "yield"}, "geometry": {"type": "Polygon", "coordinates": [[[55.2518174143212, 25.0458756572708], [55.2320351367678, 25.0344778305699], [55.2266467799078, 25.0441434131013], [55.2234887022598, 25.0518685755102], [55.2317122953259, 25.053977814868], [55.2493907203223, 25.0560200244517], [55.2496712808764, 25.05149745116], [55.2518174143212, 25.0458756572708]]]}}, {"type": "Feature", "properties": {"area_id": "", "name": "WADI ALAMARDI", "type": "background"}, "geometry": {"type": "Polygon", "coordinates": [[[55.4925990898235, 25.1853724235142], [55.4645392202344, 25.1898157577633], [55.4645380068403, 25.196675243628], [55.4608843273987, 25.2031460017241], [55.4604353515749, 25.2054163361452], [55.4648984014609, 25.2286143871827], [55.5035853955375, 25.2229599763596], [55.5082737057902, 25.2120586856995], [55.5256990186987, 25.1935041986787], [55.5285241147654, 25.1919445588076], [55.5323623267092, 25.1911031729902], [55.5150622075312, 25.1776820596463], [55.5116308323501, 25.1797810853598], [55.5040413671609, 25.1825556471133], [55.4925990898235, 25.1853724235142]]]}}, {"type": "Feature", "properties": {"area_id": "motor-city", "name": "WADI AL SAFA 7", "type": "yield"}, "geometry": {"type": "Polygon", "coordinates": [[[55.3087758618595, 25.0493919952666], [55.2815962838075, 25.0222094330941], [55.2664577312892, 25.0303443430864], [55.2600060967737, 25.0353679386581], [55.3011654351545, 25.0582734720443], [55.3087758618595, 25.0493919952666]]]}}, {"type": "Feature", "properties": {"area_id": "", "name": "AL BADA'", "type": "background"}, "geometry": {"type": "Polygon", "coordinates": [[[55.2756771752955, 25.2372194648325], [55.2787846617774, 25.2350812008462], [55.2782789458252, 25.2340789950145], [55.2789341571749, 25.2336820412191], [55.261073666978, 25.2100592176263], [55.2572521208656, 25.2120884246834], [55.2656299790167, 25.2248479459037], [55.2725003059871, 25.2389514107959], [55.2756771752955, 25.2372194648325]]]}}, {"type": "Feature", "properties": {"area_id": "", "name": "CORNICHE DEIRA", "type": "background"}, "geometry": {"type": "Polygon", "coordinates": [[[55.3253183842419, 25.2945800186487], [55.3275725192329, 25.2925670756827], [55.3186170239385, 25.2847940969653], [55.3100890319382, 25.2798732111306], [55.3083507412207, 25.2830253024112], [55.3253183842419, 25.2945800186487]]]}}, {"type": "Feature", "properties": {"area_id": "", "name": "AL QOUZ THIRD", "type": "background"}, "geometry": {"type": "Polygon", "coordinates": [[[55.2529007250145, 25.1594572649898], [55.2428794420563, 25.1505866805317], [55.2302070777988, 25.159009890061], [55.2396317358579, 25.1694877895959], [55.2529007250145, 25.1594572649898]]]}}, {"type": "Feature", "properties": {"area_id": "", "name": "ZAA'BEEL FIRST", "type": "background"}, "geometry": {"type": "Polygon", "coordinates": [[[55.3102867225863, 25.2319841175391], [55.3164106496438, 25.2287441812596], [55.3128612087583, 25.2079991951506], [55.2898236544123, 25.2278901883673], [55.2896244656162, 25.2298580590894], [55.3048972595292, 25.2337254274553], [55.3049863603066, 25.2346823271399], [55.3102867225863, 25.2319841175391]]]}}, {"type": "Feature", "properties": {"area_id": "", "name": "AL QOUZ FIRST", "type": "background"}, "geometry": {"type": "Polygon", "coordinates": [[[55.2634418604135, 25.1706708257051], [55.2674737423902, 25.1683444061245], [55.2630451092281, 25.1637594124882], [55.2616592625751, 25.1589291537866], [55.2558868853042, 25.1584658559606], [55.2532083526026, 25.1592317497569], [55.2396317358579, 25.1694877895959], [55.2495538398424, 25.1802181234805], [55.2634418604135, 25.1706708257051]]]}}, {"type": "Feature", "properties": {"area_id": "production-city", "name": "ME'AISEM SECOND", "type": "yield"}, "geometry": {"type": "Polygon", "coordinates": [[[55.2274569920396, 25.0006949110163], [55.2393368757844, 24.9971821771885], [55.2489687025436, 24.9920061771564], [55.2443779954457, 24.9857657723136], [55.2407477848468, 24.9782072838725], [55.21279600955, 24.9907535347587], [55.1878584032928, 24.9961928635565], [55.1906741572417, 25.0025418962459], [55.1929789148914, 25.0054960673117], [55.1972948886389, 25.0083798354583], [55.2045838931154, 25.0104987480857], [55.2144063629289, 25.0105559643662], [55.216198083957, 25.011358166708], [55.2219957776294, 25.0040762236668], [55.2274569920396, 25.0006949110163]]]}}, {"type": "Feature", "properties": {"area_id": "", "name": "AL KARAMA", "type": "background"}, "geometry": {"type": "Polygon", "coordinates": [[[55.3122685276605, 25.2500568396936], [55.3142143973189, 25.247755174419], [55.3052635856484, 25.2375981629683], [55.3049863603066, 25.2346823271399], [55.2953577383205, 25.2396631749623], [55.3042669848449, 25.254812801194], [55.3101950431914, 25.2521960598109], [55.3122685276605, 25.2500568396936]]]}}, {"type": "Feature", "properties": {"area_id": "", "name": "AL LESAILY", "type": "background"}, "geometry": {"type": "Polygon", "coordinates": [[[55.5212607840139, 24.9236367035953], [55.4423354398026, 24.8535515537614], [55.4144984318863, 24.8767129719144], [55.3894131356492, 24.9014070294081], [55.3848387535808, 24.9069104012078], [55.3796109092392, 24.9152843608235], [55.3776778408484, 24.9203213795959], [55.3768308549303, 24.9261518422082], [55.3762833595577, 24.950294982072], [55.3837145844027, 24.9510372637247], [55.390277385291, 24.9528640228563], [55.3983543119008, 24.9567022288069], [55.419104132061, 24.9609164352303], [55.4362182113952, 24.9606364315766], [55.450630345563, 24.9582975366822], [55.4648592440454, 24.9570881516523], [55.4794069465516, 24.9594574522466], [55.4941876379756, 24.9647519290388], [55.5117876427668, 24.9393559911083], [55.5212607840139, 24.9236367035953]]]}}, {"type": "Feature", "properties": {"area_id": "jvc", "name": "AL BARSHA SOUTH FIRST", "type": "yield"}, "geometry": {"type": "Polygon", "coordinates": [[[55.249958347793, 25.0812609275417], [55.2266551084408, 25.0803071602236], [55.2245052043777, 25.0790959314424], [55.2168307928087, 25.0711008776202], [55.2102436778246, 25.0769272474451], [55.2330305935826, 25.1023473915216], [55.2432979319331, 25.0938231303587], [55.2480909896155, 25.0867846270512], [55.249958347793, 25.0812609275417]]]}}, {"type": "Feature", "properties": {"area_id": "", "name": "AL WARQA'A FIRST", "type": "background"}, "geometry": {"type": "Polygon", "coordinates": [[[55.408485488382, 25.1912901632221], [55.4098313170085, 25.1857377175648], [55.4083978766072, 25.177839604701], [55.3970701341621, 25.1800204858897], [55.3968217812322, 25.1984993652553], [55.4040929790307, 25.1958330310145], [55.408485488382, 25.1912901632221]]]}}, {"type": "Feature", "properties": {"area_id": "", "name": "AL KHWANEEJ SECOND", "type": "background"}, "geometry": {"type": "Polygon", "coordinates": [[[55.5493582669219, 25.2310990763794], [55.5249701521268, 25.2159286872297], [55.5128506933516, 25.2070160057005], [55.5082736859185, 25.2120586676686], [55.5035853756647, 25.2229599583282], [55.5034268662908, 25.2302902097343], [55.511553773251, 25.2528411330954], [55.5302374717093, 25.2455398931386], [55.5371053878512, 25.239202547432], [55.5493582669219, 25.2310990763794]]]}}, {"type": "Feature", "properties": {"area_id": "al-barsha", "name": "AL BARSHA FIRST", "type": "yield"}, "geometry": {"type": "Polygon", "coordinates": [[[55.2090222473006, 25.118379818314], [55.2115920407721, 25.116666750253], [55.2038779723115, 25.1072537385648], [55.2006771137179, 25.1058426456998], [55.1892569277501, 25.1048389843388], [55.1819397090367, 25.0971674866134], [55.1792262541226, 25.1027796963964], [55.1769030806338, 25.1053410266043], [55.2020070750402, 25.1230589390426], [55.2090222473006, 25.118379818314]]]}}, {"type": "Feature", "properties": {"area_id": "", "name": "AL SAFA FIRST", "type": "background"}, "geometry": {"type": "Polygon", "coordinates": [[[55.239866526773, 25.186793186687], [55.2494448057681, 25.180100707406], [55.2349438657756, 25.1644204506103], [55.2276587343823, 25.1696422176144], [55.239866526773, 25.186793186687]]]}}, {"type": "Feature", "properties": {"area_id": "", "name": "AL RASHIDIYA", "type": "background"}, "geometry": {"type": "Polygon", "coordinates": [[[55.4034693254523, 25.2329171255573], [55.4050991705621, 25.2197366312717], [55.4027926827772, 25.2123354186887], [55.3932568073958, 25.2126013803443], [55.3946476274587, 25.2157874172991], [55.3763513001093, 25.222067785509], [55.3777736535617, 25.2310133222239], [55.3778254774489, 25.2370615260536], [55.3929874990291, 25.2301052441444], [55.3982179197862, 25.2305543999672], [55.4034693254523, 25.2329171255573]]]}}, {"type": "Feature", "properties": {"area_id": "business-bay", "name": "BUSINESS BAY", "type": "yield"}, "geometry": {"type": "Polygon", "coordinates": [[[55.2890079027404, 25.1952004391249], [55.2914828589888, 25.1934608432141], [55.2932795226807, 25.1907802489142], [55.2940855727681, 25.1831704833152], [55.287022360134, 25.1823920883649], [55.2801485955522, 25.1796364641155], [55.274208325157, 25.1754455610952], [55.2674243090326, 25.1683902246078], [55.2495538398424, 25.1802181234805], [55.2644831351349, 25.1964082268511], [55.2675424626108, 25.1940674389822], [55.2693492914356, 25.1906479177831], [55.2775719712218, 25.1851533081025], [55.2836986806159, 25.1921817042406], [55.2876056389644, 25.1938244232058], [55.2890079027404, 25.1952004391249]]]}}, {"type": "Feature", "properties": {"area_id": "downtown-dubai", "name": "BURJ KHALIFA", "type": "yield"}, "geometry": {"type": "Polygon", "coordinates": [[[55.2777976165963, 25.2012197624467], [55.2890079027404, 25.1952004391249], [55.2876056389644, 25.1938244232058], [55.2836986806159, 25.1921817042406], [55.2775719712218, 25.1851533081025], [55.2693492914356, 25.1906479177831], [55.2675424626108, 25.1940674389822], [55.2644831351349, 25.1964082268511], [55.2708502764403, 25.2049000911076], [55.2777976165963, 25.2012197624467]]]}}, {"type": "Feature", "properties": {"area_id": "", "name": "OUD AL MUTEENA FIRST", "type": "background"}, "geometry": {"type": "Polygon", "coordinates": [[[55.4602695425741, 25.2724182006555], [55.4576327195011, 25.2665889136863], [55.4559260709916, 25.2575631934217], [55.4405700996961, 25.2582250992108], [55.4361015503974, 25.2564138183026], [55.429767521528, 25.2553077499595], [55.4310227572988, 25.2609308437693], [55.437173466925, 25.2679046316975], [55.4392911656838, 25.2715320376754], [55.4451473268032, 25.2701646195922], [55.4573412540754, 25.2728449652897], [55.4602695425741, 25.2724182006555]]]}}, {"type": "Feature", "properties": {"area_id": "damac-hills", "name": "WADI AL SAFA 5", "type": "yield"}, "geometry": {"type": "Polygon", "coordinates": [[[55.3790560984075, 25.1032459761778], [55.3921172536569, 25.0875246851763], [55.3759719217457, 25.076461381836], [55.3583548150932, 25.0690216631828], [55.3391069825413, 25.0655144840506], [55.3277921640642, 25.0623243172955], [55.3167115955606, 25.0562621639468], [55.3087758618595, 25.0493919952666], [55.3011654351545, 25.0582734720443], [55.3600626655138, 25.0928609271923], [55.3790560984075, 25.1032459761778]]]}}, {"type": "Feature", "properties": {"area_id": "", "name": "AL WARQA'A THIRD", "type": "background"}, "geometry": {"type": "Polygon", "coordinates": [[[55.4271795027177, 25.2072306005984], [55.4347686964869, 25.2053208461129], [55.4394794905126, 25.2026003370932], [55.4311797464236, 25.1966210176205], [55.429123669787, 25.1937065667233], [55.427418630004, 25.1826853971813], [55.4284071450544, 25.1781169756602], [55.4277196118072, 25.1741725041133], [55.4083978766072, 25.177839604701], [55.4098313170085, 25.1857377175648], [55.408485488382, 25.1912901632221], [55.412991087695, 25.1933369893791], [55.4153042373325, 25.1955022626965], [55.4181951297211, 25.2008357268065], [55.4210087569895, 25.2087690063829], [55.4271795027177, 25.2072306005984]]]}}, {"type": "Feature", "properties": {"area_id": "", "name": "AL KHEERAN FIRST", "type": "background"}, "geometry": {"type": "Polygon", "coordinates": [[[55.3411524116905, 25.2051508706478], [55.340645119627, 25.2057208025431], [55.3424169628437, 25.2097660507114], [55.3418631156303, 25.2103174112581], [55.3465193593192, 25.2111042973662], [55.3740748046037, 25.2040469507445], [55.37352408684, 25.20187554675], [55.375406517763, 25.2008051787251], [55.3708421540564, 25.1849222488095], [55.3641458612103, 25.1858626290987], [55.3464668406984, 25.1854319462711], [55.3458438701769, 25.1991059305189], [55.3399650907056, 25.2012363505127], [55.339309614703, 25.2026227810632], [55.340264712103, 25.2048034929316], [55.3411524116905, 25.2051508706478]]]}}, {"type": "Feature", "properties": {"area_id": "sobha-hartland", "name": "NADD AL SHIBA FIRST", "type": "yield"}, "geometry": {"type": "Polygon", "coordinates": [[[55.3031542867258, 25.1280727792235], [55.2964985528229, 25.1245294633272], [55.2952746293262, 25.1307504909118], [55.2806198361068, 25.1273435877585], [55.2821155193129, 25.1391273768911], [55.2830302519703, 25.1399233752536], [55.2905762798194, 25.1401583675233], [55.2867330374093, 25.150445752461], [55.2853553833443, 25.1508644589343], [55.2842963464812, 25.1524770185937], [55.2876076477599, 25.1552308600071], [55.2887045427185, 25.1541364912711], [55.2911852778323, 25.1557199637491], [55.2928647101357, 25.1556428336219], [55.2925564701304, 25.1566737105519], [55.3024532834194, 25.1656687863826], [55.3034353419772, 25.1656866362875], [55.3050359772041, 25.1680540651797], [55.3097466384833, 25.1699184178701], [55.324034554857, 25.1706383591442], [55.3509794626727, 25.1363730287219], [55.3407429539068, 25.1309553011319], [55.33980496659, 25.132593686218], [55.3327192947914, 25.1259451128007], [55.3321101654797, 25.1297568335808], [55.3243955034636, 25.128792767019], [55.3253404628439, 25.1268033972845], [55.314808333216, 25.1192178729745], [55.3127600026715, 25.1195251280431], [55.3041091453946, 25.1282846613075], [55.3031542867258, 25.1280727792235]]]}}, {"type": "Feature", "properties": {"area_id": "", "name": "AL MARMOOM", "type": "background"}, "geometry": {"type": "Polygon", "coordinates": [[[55.4736412953121, 24.9937242996172], [55.4941876379756, 24.9647519290388], [55.4794069465516, 24.9594574522466], [55.4658326814658, 24.9571516912166], [55.450630345563, 24.9582975366822], [55.4362182113952, 24.9606364315766], [55.4231623695011, 24.960988050436], [55.419104132061, 24.9609164352303], [55.3983543119008, 24.9567022288069], [55.407447720445, 24.9636696310768], [55.4204173233119, 24.9812575830648], [55.4327127424416, 24.9919767754417], [55.4368533892478, 24.9931976091725], [55.4454552282302, 24.9932000243446], [55.4492625411864, 24.9940472330989], [55.4657514633252, 25.0047771847009], [55.4736412953121, 24.9937242996172]]]}}, {"type": "Feature", "properties": {"area_id": "", "name": "AL MURAQQABAT", "type": "background"}, "geometry": {"type": "Polygon", "coordinates": [[[55.3296089432416, 25.2640413762711], [55.3263829076974, 25.2586610713918], [55.3217668125997, 25.2602224812773], [55.3142911990818, 25.2644644716061], [55.3158791805147, 25.2671005973973], [55.3164247777976, 25.2700796212003], [55.3303632544796, 25.2704687272388], [55.3296089432416, 25.2640413762711]]]}}, {"type": "Feature", "properties": {"area_id": "", "name": "MENA JABAL ALI", "type": "background"}, "geometry": {"type": "Polygon", "coordinates": [[[55.037749684636, 24.9713931024213], [55.0403171464973, 24.9678483893031], [55.0399277037946, 24.9666741361151], [55.032279645722, 24.963906195746], [55.0299746236575, 24.9650584027555], [55.0219733038278, 24.9827001005747], [55.022264986094, 24.9836852853834], [55.0216196040154, 24.9844340860288], [55.0201307705786, 24.9842043723254], [55.0191004436913, 24.9867135626925], [55.0257845255904, 24.9920733766462], [55.0254708451013, 24.9907547267118], [55.0236604014106, 24.9898843390463], [55.0237558843608, 24.9885044908295], [55.0258221567989, 24.9887204857647], [55.0256176063632, 24.9901944914857], [55.0268751025927, 24.9899163883081], [55.0298079284008, 24.9912962536774], [55.0305684499943, 24.9921824890573], [55.030078779796, 24.9939418361504], [55.0305107843782, 24.9955044570106], [55.0319031057966, 24.9972856918151], [55.0303659659526, 24.9939695034146], [55.030954109173, 24.9924450681004], [55.0315268658454, 24.9931593961276], [55.0319546385311, 24.9924019609367], [55.0361034161715, 24.9930241700765], [55.0353345343606, 24.9955864159718], [55.0324122669204, 24.9956527534723], [55.0337979944975, 24.9960798377654], [55.035462804039, 24.9957943031698], [55.0359889856519, 24.995298848325], [55.0368764542874, 24.992845155052], [55.0405635217429, 24.9937419263074], [55.0375200963717, 25.0010377143912], [55.0429879554415, 25.0029263852481], [55.0467288129306, 25.0013249474873], [55.0546179944863, 24.9812452412583], [55.0490891318386, 24.9759546486577], [55.0518474971007, 24.9733408669829], [55.0529201086904, 24.9742782694553], [55.0553522641255, 24.9718883102407], [55.0819215537931, 24.994963742571], [55.0790449676022, 24.9976848751317], [55.0633234079115, 24.9840112794178], [55.0594529102244, 24.9855113189777], [55.0579502563508, 24.989077106364], [55.0758318851966, 25.0046576430893], [55.0717619728443, 25.00858347771], [55.0551324466667, 24.9947337371216], [55.0529331628702, 24.9968381600329], [55.0505058314016, 25.0026351900875], [55.0523735794355, 25.0056532767374], [55.0462316262287, 25.0205537503257], [55.0600916228213, 25.0228736952969], [55.0627539981647, 25.0225654408781], [55.0700317981137, 25.0164727875172], [55.0783713173533, 25.023373869301], [55.0968581054374, 25.0107185589678], [55.092530115876, 24.9846101240988], [55.0904203159773, 24.9774568826914], [55.079571745577, 24.9585358765514], [55.0719915636108, 24.9512399088444], [55.0623646131667, 24.9470201307303], [55.0422923711612, 24.966191005699], [55.0336940245671, 24.9779531645265], [55.037749684636, 24.9713931024213]]]}}, {"type": "Feature", "properties": {"area_id": "", "name": "JABAL ALI THIRD", "type": "background"}, "geometry": {"type": "Polygon", "coordinates": [[[55.09532350006, 25.0491234079882], [55.0964548469316, 25.0433164623178], [55.0976452383872, 25.0444848821252], [55.1083746939767, 25.0367448698435], [55.1026003217162, 25.0295394604822], [55.1004782645455, 25.0254322417583], [55.0980726678361, 25.0179965803278], [55.0968581054374, 25.0107185589678], [55.0783713173533, 25.023373869301], [55.0700317981137, 25.0164727875172], [55.0627539981647, 25.0225654408781], [55.0600916228213, 25.0228736952969], [55.0462316262287, 25.0205537503257], [55.0523735794355, 25.0056532767374], [55.0505058314016, 25.0026351900875], [55.0529331628702, 24.9968381600329], [55.0551324466667, 24.9947337371216], [55.0717619728443, 25.00858347771], [55.0758318851966, 25.0046576430893], [55.0579502563508, 24.989077106364], [55.0594529102244, 24.9855113189777], [55.0633234079115, 24.9840112794178], [55.0790449676022, 24.9976848751317], [55.0819215537931, 24.994963742571], [55.0553522641255, 24.9718883102407], [55.0529201086904, 24.9742782694553], [55.0518474971007, 24.9733408669829], [55.0490891318386, 24.9759546486577], [55.0546179944863, 24.9812452412583], [55.0467288129306, 25.0013249474873], [55.0429879554415, 25.0029263852481], [55.0375200963717, 25.0010377143912], [55.0339452121573, 25.0030447285262], [55.0350386733484, 25.0057183031129], [55.0356331792892, 25.0117670784484], [55.0339819280696, 25.0222615679636], [55.0241151508302, 25.0328680850773], [55.0179719607021, 25.0376873900705], [55.0110691192647, 25.0413001897947], [55.0035350109042, 25.043643384537], [54.9957062992101, 25.0446617853137], [54.8872109626059, 25.1397001830428], [54.8254720321701, 25.0837969825357], [54.7701714497438, 25.1334104956472], [54.899557918743, 25.2518243278627], [55.109480216638, 25.0644336395641], [55.09532350006, 25.0491234079882]]]}}, {"type": "Feature", "properties": {"area_id": "", "name": "SAIH AL SALAM", "type": "background"}, "geometry": {"type": "Polygon", "coordinates": [[[55.4144984318863, 24.8767129719144], [55.4423354398026, 24.8535515537614], [55.3827927298569, 24.8005974501202], [55.3455480536828, 24.851006062756], [55.3405550726681, 24.8600328596562], [55.3433142897122, 24.949859753168], [55.3762833595577, 24.950294982072], [55.3768308549303, 24.9261518422082], [55.3776778408484, 24.9203213795959], [55.3796109092392, 24.9152843608235], [55.3848387535808, 24.9069104012078], [55.3894131356492, 24.9014070294081], [55.4144984318863, 24.8767129719144]]]}}, {"type": "Feature", "properties": {"area_id": "", "name": "NADD AL HAMAR", "type": "background"}, "geometry": {"type": "Polygon", "coordinates": [[[55.3772721959711, 25.2164525892239], [55.3823119756779, 25.2132643890636], [55.4027926827772, 25.2123354186887], [55.3968217812322, 25.1984993652553], [55.3970701341621, 25.1800204858897], [55.3708421342093, 25.18492223076], [55.3762457868241, 25.2041758684483], [55.3754366922376, 25.2173648720111], [55.3772721959711, 25.2164525892239]]]}}, {"type": "Feature", "properties": {"area_id": "", "name": "AL MAHA", "type": "background"}, "geometry": {"type": "Polygon", "coordinates": [[[55.6714180238747, 24.8896003938196], [55.6674066029688, 24.8850358929552], [55.6465443106946, 24.8715855074364], [55.6266297967013, 24.8937707440593], [55.6253937775953, 24.8938659622519], [55.6229819089595, 24.897403199352], [55.6200495112782, 24.8989561002334], [55.6286333812545, 24.9055329238237], [55.6461688119772, 24.9370941560037], [55.6513629680594, 24.9443000766249], [55.6610383374462, 24.9800553317276], [55.658913481907, 24.9881261251846], [55.6538168944018, 24.997944137013], [55.6547092051585, 25.0026710556502], [55.6618219861833, 24.9981698388654], [55.6617185330117, 24.98875011932], [55.6927914297821, 24.9013746327094], [55.6728581751187, 24.8885454871634], [55.6714180238747, 24.8896003938196]]]}}, {"type": "Feature", "properties": {"area_id": "al-barsha", "name": "AL BARSHA SECOND", "type": "yield"}, "geometry": {"type": "Polygon", "coordinates": [[[55.2182096709542, 25.1122305996334], [55.2330305935826, 25.1023473915216], [55.2171945828076, 25.0847234689071], [55.203811995706, 25.0945883286493], [55.2031750988124, 25.0968987634352], [55.2004079616619, 25.0980247279734], [55.1992694013681, 25.1057240245062], [55.2041454068468, 25.1074886734448], [55.2115920407721, 25.116666750253], [55.2182096709542, 25.1122305996334]]]}}, {"type": "Feature", "properties": {"area_id": "", "name": "GHADEER BARASHY", "type": "background"}, "geometry": {"type": "Polygon", "coordinates": [[[55.379799806993, 24.8046388904396], [55.3827927298569, 24.8005974501202], [55.3531947811525, 24.7742488577365], [55.3108705835138, 24.762618668608], [55.2742791127247, 24.7990513868183], [55.2670437227688, 24.805376487114], [55.2569242602412, 24.8202411699337], [55.2997183446971, 24.8352944114538], [55.3237283366884, 24.8402749846833], [55.3453041238832, 24.8513815248186], [55.379799806993, 24.8046388904396]]]}}, {"type": "Feature", "properties": {"area_id": "", "name": "AL KHABAISI", "type": "background"}, "geometry": {"type": "Polygon", "coordinates": [[[55.3493655503179, 25.2752161659068], [55.3336294542108, 25.2610173243216], [55.3296089432416, 25.2640413762711], [55.3303632544796, 25.2704687272388], [55.337183647499, 25.2718498607798], [55.3483033461948, 25.2760648289942], [55.3493655503179, 25.2752161659068]]]}}, {"type": "Feature", "properties": {"area_id": "", "name": "AL LAYAN 1", "type": "background"}, "geometry": {"type": "Polygon", "coordinates": [[[55.1614693498445, 24.784949739853], [55.1102821790244, 24.7640676997626], [55.0832625754542, 24.7965943890532], [55.1288292350153, 24.8260065732142], [55.1614693498445, 24.784949739853]]]}}, {"type": "Feature", "properties": {"area_id": "", "name": "AL MURAR", "type": "background"}, "geometry": {"type": "Polygon", "coordinates": [[[55.315371482634, 25.2765970966243], [55.3065062673071, 25.2734543052035], [55.3048077803455, 25.2768933285386], [55.3100890319382, 25.2798732111306], [55.3109331510682, 25.278853274966], [55.3146265486742, 25.2786642194402], [55.315371482634, 25.2765970966243]]]}}, {"type": "Feature", "properties": {"area_id": "damac-hills-2", "name": "AL HEBIAH FIFTH", "type": "yield"}, "geometry": {"type": "Polygon", "coordinates": [[[55.2520071192806, 25.010839175953], [55.260165178709, 25.0027277206961], [55.2489687025436, 24.9920061771564], [55.2393368757844, 24.9971821771885], [55.2256533822165, 25.0015331709665], [55.2219957776294, 25.0040762236668], [55.216198083957, 25.011358166708], [55.2395952081953, 25.0241811773473], [55.2520071192806, 25.010839175953]]]}}, {"type": "Feature", "properties": {"area_id": "", "name": "MARGAB", "type": "background"}, "geometry": {"type": "Polygon", "coordinates": [[[55.642599713152, 24.7848104877422], [55.6018309135158, 24.7717174414945], [55.5941868557383, 24.7899905423315], [55.5739383215822, 24.8293633737472], [55.5780187211275, 24.8312872745075], [55.5820237501078, 24.8358622854624], [55.5930190865314, 24.8420471755247], [55.609980144999, 24.8471516591708], [55.6167072803167, 24.8520030109506], [55.642599713152, 24.7848104877422]]]}}, {"type": "Feature", "properties": {"area_id": "mirdif", "name": "MIRDIF", "type": "yield"}, "geometry": {"type": "Polygon", "coordinates": [[[55.4392741193128, 25.2175224786048], [55.4371953841847, 25.2140302527922], [55.4311111731204, 25.2170226607652], [55.4282112550283, 25.2069771800559], [55.4067221795439, 25.2123154660059], [55.4027926827772, 25.2123354186887], [55.4050991705621, 25.2197366312717], [55.4034693254523, 25.2329171255573], [55.4066462580521, 25.2346307496836], [55.4195588409452, 25.2352195729923], [55.4424030555852, 25.2320810698555], [55.4420371030607, 25.2223319712476], [55.4392741193128, 25.2175224786048]]]}}, {"type": "Feature", "properties": {"area_id": "", "name": "AL ROWAIYAH FIRST", "type": "background"}, "geometry": {"type": "Polygon", "coordinates": [[[55.4655578612801, 25.1402283171169], [55.4668568143059, 25.1401957733069], [55.4452502231494, 25.1239602091423], [55.4148682876812, 25.1030406953758], [55.4102261242512, 25.1083117956774], [55.4092669981213, 25.1123106435183], [55.4114557323186, 25.1170335651363], [55.4116693381571, 25.1197566820901], [55.4107740253945, 25.1221613464572], [55.4082291080101, 25.1252325583007], [55.4307858070857, 25.141826939847], [55.4374134446732, 25.1400279855835], [55.4655578612801, 25.1402283171169]]]}}, {"type": "Feature", "properties": {"area_id": "jvc", "name": "AL BARSHA SOUTH FIFTH", "type": "yield"}, "geometry": {"type": "Polygon", "coordinates": [[[55.1986704000795, 25.0636554023014], [55.1963658127265, 25.0599977799773], [55.1951231023145, 25.0546162931703], [55.1959608448508, 25.0498776945561], [55.1995454269521, 25.0433180410268], [55.1863105095897, 25.0399924745218], [55.1703412271709, 25.0293595766305], [55.1685738364761, 25.030749331108], [55.1982287059474, 25.064081427715], [55.1986704000795, 25.0636554023014]]]}}, {"type": "Feature", "properties": {"area_id": "", "name": "AL SAFA SECOND", "type": "background"}, "geometry": {"type": "Polygon", "coordinates": [[[55.2321646006337, 25.1667385858344], [55.2349438657756, 25.1644204506103], [55.229820683807, 25.1584950656557], [55.2239867695689, 25.1493372086328], [55.2159382330351, 25.1546932543329], [55.2276587343823, 25.1696422176144], [55.2321646006337, 25.1667385858344]]]}}, {"type": "Feature", "properties": {"area_id": "studio-city", "name": "ME'AISEM FIRST", "type": "yield"}, "geometry": {"type": "Polygon", "coordinates": [[[55.216198083957, 25.011358166708], [55.2144063629289, 25.0105559643662], [55.2045838931154, 25.0104987480857], [55.1953246595871, 25.0073308356919], [55.1906741572417, 25.0025418962459], [55.1878584032928, 24.9961928635565], [55.1756168166382, 25.0026350231989], [55.170519546552, 25.0068453508571], [55.1638426454717, 25.0140508179452], [55.1581514609308, 25.0172760435129], [55.1689456502596, 25.0282476669544], [55.1842903483361, 25.0389252273108], [55.1887074229632, 25.0409156228415], [55.1995454269521, 25.0433180410268], [55.2080812814097, 25.0297121302723], [55.2127105505606, 25.0174115516827], [55.216198083957, 25.011358166708]]]}}, {"type": "Feature", "properties": {"area_id": "", "name": "TRADE CENTER SECOND", "type": "background"}, "geometry": {"type": "Polygon", "coordinates": [[[55.2923650558893, 25.2255348149061], [55.2845678969368, 25.2147599354355], [55.2810410686538, 25.2166256664212], [55.2747426832119, 25.207060175495], [55.273691298417, 25.2052857247649], [55.2786229559398, 25.2037085796961], [55.2777976165963, 25.2012197624467], [55.2708502764403, 25.2049000911076], [55.2871239300627, 25.2287469528862], [55.2896244656162, 25.2298580590894], [55.2898236544123, 25.2278901883673], [55.2923650558893, 25.2255348149061]]]}}, {"type": "Feature", "properties": {"area_id": "", "name": "GRAYTEESAH", "type": "background"}, "geometry": {"type": "Polygon", "coordinates": [[[55.5296309906938, 24.9091996370406], [55.563167865965, 24.8559793158405], [55.572984389986, 24.8312722191649], [55.513411940482, 24.7883904203444], [55.5081925898192, 24.8040175426193], [55.5011313347769, 24.8172773019351], [55.4938411301995, 24.826132494477], [55.4877199017797, 24.8317986452712], [55.478815764239, 24.8382376257657], [55.4715926538783, 24.8418899303889], [55.4520200462031, 24.8484371707892], [55.4423354398026, 24.8535515537614], [55.5212607840139, 24.9236367035953], [55.5296309906938, 24.9091996370406]]]}}, {"type": "Feature", "properties": {"area_id": "", "name": "SAIH SHUAIB 3", "type": "background"}, "geometry": {"type": "Polygon", "coordinates": [[[55.0503867549089, 24.8361451056831], [55.0442701295284, 24.8395728375134], [55.093622398969, 24.8714377414989], [55.109420446308, 24.8510570035525], [55.0629386680774, 24.8210493009447], [55.0503867549089, 24.8361451056831]]]}}, {"type": "Feature", "properties": {"area_id": "", "name": "SAIH SHUAIB 2", "type": "background"}, "geometry": {"type": "Polygon", "coordinates": [[[55.0094895570992, 24.8590553117515], [55.0721607777608, 24.8991113667289], [55.093622398969, 24.8714377414989], [55.0442701295284, 24.8395728375134], [55.0094895570992, 24.8590553117515]]]}}, {"type": "Feature", "properties": {"area_id": "", "name": "AL RIGGA", "type": "background"}, "geometry": {"type": "Polygon", "coordinates": [[[55.3033331372483, 25.2674388436108], [55.3033403554094, 25.2689401225799], [55.3164247790384, 25.2700796223289], [55.3158791817554, 25.2671005985259], [55.3122278951795, 25.2619829511919], [55.3078198003751, 25.2655151870042], [55.3033331372483, 25.2674388436108]]]}}, {"type": "Feature", "properties": {"area_id": "", "name": "AL SABKHA", "type": "background"}, "geometry": {"type": "Polygon", "coordinates": [[[55.3033803648946, 25.2677214651558], [55.3035585938459, 25.2668394738413], [55.3017865924109, 25.2671109698192], [55.3023676320451, 25.2682628853431], [55.3004807125824, 25.2707720253244], [55.3023767299479, 25.2714946070449], [55.3033803648946, 25.2677214651558]]]}}, {"type": "Feature", "properties": {"area_id": "", "name": "TRADE CENTER FIRST", "type": "background"}, "geometry": {"type": "Polygon", "coordinates": [[[55.2896244656162, 25.2298580590894], [55.2871239300627, 25.2287469528862], [55.2708502764403, 25.2049000911076], [55.2690240714668, 25.2058200943435], [55.2759153829103, 25.2160688255633], [55.2769956055159, 25.2191475205164], [55.286140476643, 25.2311930127396], [55.2896244656162, 25.2298580590894]]]}}, {"type": "Feature", "properties": {"area_id": "", "name": "AL SATWA", "type": "background"}, "geometry": {"type": "Polygon", "coordinates": [[[55.2816735174595, 25.2333670725731], [55.286140476643, 25.2311930127396], [55.2769956055159, 25.2191475205164], [55.2759153829103, 25.2160688255633], [55.2690240714668, 25.2058200943435], [55.261073666978, 25.2100592176263], [55.2789341571749, 25.2336820412191], [55.2782789458252, 25.2340789950145], [55.2787846617774, 25.2350812008462], [55.2816735174595, 25.2333670725731]]]}}, {"type": "Feature", "properties": {"area_id": "sports-city", "name": "NADD HESSA", "type": "yield"}, "geometry": {"type": "Polygon", "coordinates": [[[55.3999501166661, 25.1402717114829], [55.3966589551922, 25.1364265826313], [55.3959282837442, 25.1343893927179], [55.3947950189592, 25.1339961453279], [55.4019079450808, 25.1311457146849], [55.4082291092503, 25.1252325594285], [55.3789238825296, 25.1034022182857], [55.3649438028919, 25.1199009703794], [55.3724403411975, 25.1257028071995], [55.3770530460301, 25.1306665366734], [55.3807341750223, 25.1362262314492], [55.3849972373022, 25.1456263305081], [55.3999501166661, 25.1402717114829]]]}}, {"type": "Feature", "properties": {"area_id": "", "name": "UMM HURAIR SECOND", "type": "background"}, "geometry": {"type": "Polygon", "coordinates": [[[55.3365544718595, 25.2316233925282], [55.330860520538, 25.2270209338202], [55.3272581025345, 25.2256938306131], [55.322186864385, 25.226000460117], [55.3164106496438, 25.2287441812596], [55.3173626230979, 25.2345848840443], [55.3158327970082, 25.2443972641066], [55.3142143973189, 25.247755174419], [55.3185915814165, 25.2488299102525], [55.3205467459467, 25.2512313210678], [55.3228756528814, 25.2489064921689], [55.3233692998522, 25.2494123912048], [55.3247986246156, 25.2483009012534], [55.3242013636117, 25.2477453510691], [55.3261355178668, 25.2454362513013], [55.3279224484773, 25.2385305309047], [55.329133322093, 25.2383139177407], [55.3347607989299, 25.2328886275492], [55.3356341674945, 25.2332677587665], [55.33521732853, 25.232536561769], [55.3367819784169, 25.232877346314], [55.3365544718595, 25.2316233925282]]]}}, {"type": "Feature", "properties": {"area_id": "", "name": "MANKHOOL", "type": "background"}, "geometry": {"type": "Polygon", "coordinates": [[[55.3020332458028, 25.2559317134621], [55.3042669848449, 25.254812801194], [55.2954073392196, 25.2397444323844], [55.2876939364531, 25.2437593476074], [55.2849037322877, 25.2465929934731], [55.2975457677408, 25.258250675659], [55.3020332458028, 25.2559317134621]]]}}, {"type": "Feature", "properties": {"area_id": "", "name": "AL MIZHAR SECOND", "type": "background"}, "geometry": {"type": "Polygon", "coordinates": [[[55.4693939241906, 25.2552043384133], [55.4686804629554, 25.2473694211742], [55.4648983815928, 25.228614369146], [55.4508674804299, 25.2307746649554], [55.4559260709916, 25.2575631934217], [55.4693939241906, 25.2552043384133]]]}}, {"type": "Feature", "properties": {"area_id": "", "name": "AL MERYAL", "type": "background"}, "geometry": {"type": "Polygon", "coordinates": [[[55.6623256949795, 25.0439967588251], [55.6457087497533, 25.0432330377025], [55.6392844493003, 25.0400910412435], [55.6320611324488, 25.0760971169355], [55.6299620149111, 25.0777252581471], [55.6282547579393, 25.0950622906417], [55.6482896359789, 25.0982730311681], [55.6524990517001, 25.0997532896091], [55.6624182960615, 25.0524156177182], [55.6623256949795, 25.0439967588251]]]}}, {"type": "Feature", "properties": {"area_id": "", "name": "SAIH SHUAIB 1", "type": "background"}, "geometry": {"type": "Polygon", "coordinates": [[[54.9467498568934, 24.9041332676462], [54.9589397086167, 24.9111320906969], [55.0101995319643, 24.9290625368865], [55.0208817076736, 24.9168465837379], [55.0281716792307, 24.911230703722], [55.0548364521167, 24.8964170486415], [55.0607748648203, 24.8918392783458], [55.0094895570992, 24.8590553117515], [54.9403753381724, 24.8976207275584], [54.9467498568934, 24.9041332676462]]]}}, {"type": "Feature", "properties": {"area_id": "", "name": "JUMEIRA THIRD", "type": "background"}, "geometry": {"type": "Polygon", "coordinates": [[[55.2304041266587, 25.1968535873138], [55.231030687839, 25.1975830690256], [55.2350457220681, 25.1952607194448], [55.2341864262148, 25.1933793758036], [55.241006189175, 25.1884458890118], [55.2276587356213, 25.1696422187436], [55.2198175755773, 25.1747458422508], [55.2190843764566, 25.1738154707182], [55.2161410334386, 25.1758257509654], [55.2175417450685, 25.1766525401979], [55.2179164050303, 25.1785196595381], [55.2171593702249, 25.1788549351025], [55.2191404981508, 25.1815183329254], [55.2195496227078, 25.1809592836735], [55.2210453428974, 25.1816697421696], [55.2220083830689, 25.1839771930498], [55.2215622215294, 25.1845296580966], [55.2235579882329, 25.1871412711803], [55.2243309187428, 25.1864957629052], [55.2261312677942, 25.1878073463202], [55.2271659948371, 25.189815515921], [55.2268033540165, 25.1909587445348], [55.2285461158334, 25.1935300162635], [55.2296140052015, 25.1935163523495], [55.2315394023726, 25.1956925648131], [55.2304041266587, 25.1968535873138]]]}}, {"type": "Feature", "properties": {"area_id": "", "name": "AL MERKADH", "type": "background"}, "geometry": {"type": "Polygon", "coordinates": [[[55.2939069995619, 25.1831794642287], [55.3165364247239, 25.1799881226653], [55.324034554857, 25.1706383591442], [55.3097466384833, 25.1699184178701], [55.3066110880612, 25.1690721198501], [55.2925564701304, 25.1566737105519], [55.2928647101357, 25.1556428336219], [55.2911852778323, 25.1557199637491], [55.2887045427185, 25.1541364912711], [55.2876076477599, 25.1552308600071], [55.2842963464812, 25.1524770185937], [55.2823723955474, 25.1518964467993], [55.280020862247, 25.1540621779725], [55.276324337517, 25.1601864556113], [55.267424310272, 25.1683902257368], [55.2742083263964, 25.1754455622241], [55.2801485967918, 25.1796364652443], [55.2870223613737, 25.1823920894937], [55.2939069995619, 25.1831794642287]]]}}, {"type": "Feature", "properties": {"area_id": "", "name": "OUD AL MUTEENA SECOND", "type": "background"}, "geometry": {"type": "Polygon", "coordinates": [[[55.4610555727782, 25.2740694878364], [55.4602695425741, 25.2724182006555], [55.4573412540754, 25.2728449652897], [55.4459912466544, 25.2702361950175], [55.4427946111505, 25.2703288715721], [55.4392911656838, 25.2715320376754], [55.443786760702, 25.2806100375788], [55.4610555727782, 25.2740694878364]]]}}, {"type": "Feature", "properties": {"area_id": "", "name": "AL TWAR THIRD", "type": "background"}, "geometry": {"type": "Polygon", "coordinates": [[[55.3954230752637, 25.2576822741826], [55.4055547045199, 25.2517377917228], [55.4042376617888, 25.2400482369949], [55.3970817220142, 25.2403674495659], [55.3874765181379, 25.2459320256694], [55.3871531571075, 25.2554377559812], [55.3885943422257, 25.2595084744694], [55.3896671523321, 25.2610517134256], [55.3954230752637, 25.2576822741826]]]}}, {"type": "Feature", "properties": {"area_id": "", "name": "AL TWAR FOURTH", "type": "background"}, "geometry": {"type": "Polygon", "coordinates": [[[55.4005809602651, 25.268458438861], [55.4099496388849, 25.2637778095589], [55.4055547045199, 25.2517377917228], [55.3896671523321, 25.2610517134256], [55.3962935402531, 25.2709518225865], [55.4005809602651, 25.268458438861]]]}}, {"type": "Feature", "properties": {"area_id": "dubai-land", "name": "AL YALAYIS 2", "type": "yield"}, "geometry": {"type": "Polygon", "coordinates": [[[55.3057769891139, 24.9996212627278], [55.3210476198234, 24.9892251146105], [55.3123750203315, 24.9817499921769], [55.3057174134001, 24.9738237845916], [55.294623358673, 24.9798396812341], [55.2718426197712, 24.9940645595932], [55.2600573606394, 25.0028113793693], [55.2815962838075, 25.0222094330941], [55.2972489961993, 25.0065524942801], [55.3057769891139, 24.9996212627278]]]}}, {"type": "Feature", "properties": {"area_id": "international-city", "name": "WARSAN SECOND", "type": "yield"}, "geometry": {"type": "Polygon", "coordinates": [[[55.4277196118072, 25.1741725041133], [55.4600620733196, 25.1680368930419], [55.4584501113691, 25.1631184049416], [55.4567716565276, 25.1609893782177], [55.4268296955401, 25.1389034790884], [55.4170981364239, 25.1491462568964], [55.423419327121, 25.1548572809016], [55.4277196118072, 25.1741725041133]]]}}, {"type": "Feature", "properties": {"area_id": "", "name": "AL QUSAIS IND. FIRST", "type": "background"}, "geometry": {"type": "Polygon", "coordinates": [[[55.3902387400585, 25.29466854895], [55.3947951356828, 25.2920217839044], [55.3847305177225, 25.2776544422401], [55.3784175106149, 25.2814388764945], [55.38842208342, 25.2957254203803], [55.3902387400585, 25.29466854895]]]}}, {"type": "Feature", "properties": {"area_id": "jbr", "name": "AL SAFOUH SECOND", "type": "yield"}, "geometry": {"type": "Polygon", "coordinates": [[[55.1702382169973, 25.09970079206], [55.1551480162147, 25.0869007214677], [55.1487862771085, 25.0919753389062], [55.1499676330168, 25.0933225810574], [55.1480363769931, 25.0948205878571], [55.153579341986, 25.1012756398782], [55.1558904450292, 25.0994396999606], [55.1578889384138, 25.1015035764066], [55.154911718771, 25.1038687052806], [55.1551522877801, 25.1063516891326], [55.156800912617, 25.1093705643615], [55.1627226705235, 25.1158032212616], [55.165677322844, 25.1146178749614], [55.1769030806338, 25.1053410266043], [55.1702382169973, 25.09970079206]]]}}, {"type": "Feature", "properties": {"area_id": "", "name": "HOR AL ANZ EAST", "type": "background"}, "geometry": {"type": "Polygon", "coordinates": [[[55.3557206117696, 25.2810378444049], [55.3493655503179, 25.2752161659068], [55.3385541990389, 25.2837566181551], [55.3454454321723, 25.2901925571269], [55.3557206117696, 25.2810378444049]]]}}, {"type": "Feature", "properties": {"area_id": "", "name": "AL CORNICHE", "type": "background"}, "geometry": {"type": "Polygon", "coordinates": [[[55.3099697633679, 25.2805863361947], [55.3100890319382, 25.2798732111306], [55.3022764305128, 25.2755026375945], [55.2958398606872, 25.2729819465631], [55.2948620747252, 25.275954071733], [55.3083507412207, 25.2830253024112], [55.3099697633679, 25.2805863361947]]]}}, {"type": "Feature", "properties": {"area_id": "", "name": "HATTA", "type": "background"}, "geometry": {"type": "Polygon", "coordinates": [[[56.0617568600059, 24.8709992285703], [56.2059140493879, 24.8502513637226], [56.2012769498011, 24.7843497101643], [56.1127326920317, 24.7382094114283], [56.0811397987453, 24.74328987864], [56.1141369150993, 24.8124466496659], [56.1001824446417, 24.8231031658257], [56.0898363665073, 24.8338745255137], [56.0723277315465, 24.8371726361589], [56.0617568600059, 24.8709992285703]]]}}, {"type": "Feature", "properties": {"area_id": "", "name": "UMM SUQEIM THIRD", "type": "background"}, "geometry": {"type": "Polygon", "coordinates": [[[55.1862626107583, 25.13932171892], [55.1861688657841, 25.140566873992], [55.1848937374411, 25.1402368190146], [55.1824305953375, 25.1427215019714], [55.183200194836, 25.1435134893763], [55.1846338995622, 25.1432239498399], [55.1864651977688, 25.1418377860615], [55.1865968152771, 25.1405639673824], [55.1880309408252, 25.142823954322], [55.1874567854499, 25.1443842349906], [55.1866098493322, 25.144427966293], [55.1874080609543, 25.1449764039879], [55.1873383357132, 25.1468648339852], [55.1893924909195, 25.1492966454059], [55.1927722955563, 25.1466139497483], [55.1942833907106, 25.147244496355], [55.2044681336763, 25.1401046523119], [55.1950406057671, 25.1280356798853], [55.1875699849557, 25.1330817159548], [55.1877313045125, 25.1362792620246], [55.1866921174246, 25.1357415193985], [55.1849711630467, 25.1368485747537], [55.1862626107583, 25.13932171892]]]}}, {"type": "Feature", "properties": {"area_id": "emaar-beachfront", "name": "AL SAFOUH FIRST", "type": "yield"}, "geometry": {"type": "Polygon", "coordinates": [[[55.1851390058841, 25.1367337868941], [55.1866921174246, 25.1357415193985], [55.1877313045125, 25.1362792620246], [55.1875699849557, 25.1330817159548], [55.2020070762784, 25.1230589401722], [55.1769030818716, 25.105341027734], [55.1656773240818, 25.1146178760912], [55.1806464485199, 25.1312536231364], [55.180056547402, 25.1317217251111], [55.1820592996559, 25.1333809241677], [55.1808446363902, 25.134289809025], [55.1823205849651, 25.1336920919104], [55.1851390058841, 25.1367337868941]]]}}, {"type": "Feature", "properties": {"area_id": "", "name": "AL KHEERAN", "type": "background"}, "geometry": {"type": "Polygon", "coordinates": [[[55.3620418123124, 25.2246440295183], [55.3759825375155, 25.2174730601604], [55.3754367120907, 25.2173648900599], [55.3764349732824, 25.2059993316686], [55.375406517763, 25.2008051787251], [55.37352408684, 25.20187554675], [55.3740748046037, 25.2040469507445], [55.3512601468846, 25.2097905451934], [55.3479470124652, 25.2171579877598], [55.348341618452, 25.2226444089531], [55.3471465688825, 25.2272520677513], [55.3431977257572, 25.2317913653527], [55.338474457786, 25.2346467357122], [55.3405471825993, 25.2376096985518], [55.3401602939413, 25.2409858854146], [55.3491915177304, 25.2346029686064], [55.3548971834103, 25.228355434348], [55.3620418123124, 25.2246440295183]]]}}, {"type": "Feature", "properties": {"area_id": "", "name": "AL MIZHAR THIRD", "type": "background"}, "geometry": {"type": "Polygon", "coordinates": [[[55.4726166885311, 25.2696808804477], [55.4693939241906, 25.2552043384133], [55.4559260709916, 25.2575631934217], [55.4576327195011, 25.2665889136863], [55.4610555727782, 25.2740694878364], [55.4726166885311, 25.2696808804477]]]}}, {"type": "Feature", "properties": {"area_id": "mbr-city", "name": "HADAEQ SHEIKH MOHAMMED BIN RASHID", "type": "yield"}, "geometry": {"type": "Polygon", "coordinates": [[[55.2714335294291, 25.1394635441156], [55.2811773627258, 25.1397743877123], [55.2823723943081, 25.1518964456705], [55.2842963452419, 25.1524770174649], [55.285355382105, 25.1508644578055], [55.28673303617, 25.1504457513322], [55.2905762823015, 25.1401583596251], [55.2830302507311, 25.1399233741248], [55.2821155180738, 25.1391273757622], [55.2806198348678, 25.1273435866297], [55.2782525785069, 25.1267003415111], [55.2908085696407, 25.0889259844483], [55.2933382707217, 25.0899481889335], [55.292967891284, 25.0682602539584], [55.2957484688325, 25.0658788614161], [55.2901599362495, 25.0619413949532], [55.2848485086784, 25.0599537269115], [55.2493907203223, 25.0560200244517], [55.2501482451374, 25.078950034764], [55.2492029442406, 25.0842756438479], [55.2432979319331, 25.0938231303587], [55.2330305935826, 25.1023473915216], [55.2557176586295, 25.1280618198224], [55.2599563197223, 25.1372086478412], [55.2610628003784, 25.1443678437739], [55.2666289704531, 25.1413332278233], [55.2656489571231, 25.1402361283265], [55.2665689147754, 25.138482549115], [55.2655803035525, 25.1373734656668], [55.2698428430774, 25.1375052315906], [55.2714335294291, 25.1394635441156]]]}}, {"type": "Feature", "properties": {"area_id": "", "name": "AL YUFRAH 2", "type": "background"}, "geometry": {"type": "Polygon", "coordinates": [[[55.3648398724616, 24.9642909499132], [55.3692436027299, 24.9655210023464], [55.3755797611567, 24.9686064314969], [55.3896053019434, 24.9806399947522], [55.393886663048, 24.9836386036775], [55.4008891746768, 24.9869113955107], [55.4155558318201, 24.9749147012194], [55.4094588588153, 24.9659133088207], [55.4028777256634, 24.9596480791404], [55.390277385291, 24.9528640228563], [55.3837145844027, 24.9510372637247], [55.3661706734239, 24.9498826756194], [55.3634339470796, 24.9640140732121], [55.3648398724616, 24.9642909499132]]]}}, {"type": "Feature", "properties": {"area_id": "", "name": "AL HAMRIYA", "type": "background"}, "geometry": {"type": "Polygon", "coordinates": [[[55.3011216866639, 25.2651156252942], [55.3021482972885, 25.2655981937394], [55.3057282573552, 25.26447637968], [55.3106610220037, 25.2604230319231], [55.3075815487262, 25.2589478586194], [55.3042669848449, 25.254812801194], [55.2975457677408, 25.258250675659], [55.3001852665957, 25.2619795097361], [55.3011216866639, 25.2651156252942]]]}}, {"type": "Feature", "properties": {"area_id": "international-city", "name": "WARSAN FIRST", "type": "yield"}, "geometry": {"type": "Polygon", "coordinates": [[[55.4011864628332, 25.1788812213664], [55.4276105067755, 25.1741906281675], [55.423419327121, 25.1548572809016], [55.4170981364239, 25.1491462568964], [55.3974051277448, 25.1566577626596], [55.3911087102782, 25.1605150032664], [55.3953797251688, 25.1722306769825], [55.3970701341621, 25.1800204858897], [55.4011864628332, 25.1788812213664]]]}}, {"type": "Feature", "properties": {"area_id": "", "name": "LE HEMAIRA", "type": "background"}, "geometry": {"type": "Polygon", "coordinates": [[[55.5252902912887, 25.0762137976922], [55.5253772551821, 25.0660482721752], [55.5065913066588, 25.0658625153782], [55.5070750421739, 25.0102729392343], [55.5258361422744, 25.0123733162509], [55.4997843686722, 25.0087364655614], [55.4702639666084, 25.0070363183711], [55.4657514633252, 25.0047771847009], [55.4376774698619, 25.0394727280993], [55.4493699603641, 25.0409365830049], [55.455193131466, 25.0407113906287], [55.4654168977944, 25.038578096946], [55.4915738257034, 25.0358025331269], [55.4919216280313, 25.0376103893026], [55.4985043346415, 25.0483084641289], [55.4985961685517, 25.0585154792578], [55.5008728659583, 25.0764073482027], [55.5252902912887, 25.0762137976922]]]}}, {"type": "Feature", "properties": {"area_id": "", "name": "SAIH SHUAIB 4", "type": "background"}, "geometry": {"type": "Polygon", "coordinates": [[[55.1288292350153, 24.8260065732142], [55.0832625754542, 24.7965943890532], [55.0629386668435, 24.821049299814], [55.1094204450733, 24.8510570024222], [55.1288292350153, 24.8260065732142]]]}}, {"type": "Feature", "properties": {"area_id": "damac-hills-2", "name": "AL HEBIAH FOURTH", "type": "yield"}, "geometry": {"type": "Polygon", "coordinates": [[[55.228860311053, 25.0397396054923], [55.2395952081953, 25.0241811773473], [55.216198083957, 25.011358166708], [55.2127105505606, 25.0174115516827], [55.2080812814097, 25.0297121302723], [55.1995454269521, 25.0433180410268], [55.2097992940091, 25.0456198831357], [55.2234887022598, 25.0518685755102], [55.228860311053, 25.0397396054923]]]}}, {"type": "Feature", "properties": {"area_id": "jumeirah-park", "name": "AL THANYAH THIRD", "type": "yield"}, "geometry": {"type": "Polygon", "coordinates": [[[55.1739640787174, 25.0934037585635], [55.1761874259902, 25.0912485945785], [55.1728639550431, 25.0856029528349], [55.1729365794482, 25.0831204998191], [55.1749715740403, 25.0808478001], [55.1785706647821, 25.0794183677504], [55.1772633828685, 25.0773352979632], [55.1749863783724, 25.0762430667604], [55.162693496282, 25.075262992635], [55.1595088343374, 25.0780763844728], [55.1584945228649, 25.077499437252], [55.157068911057, 25.0787225559126], [55.1548579986122, 25.0818270117495], [55.1557675604691, 25.0834710717261], [55.1537660431039, 25.0829089676882], [55.1521284076587, 25.0843152436277], [55.168762718833, 25.0984533900951], [55.1739640787174, 25.0934037585635]]]}}, {"type": "Feature", "properties": {"area_id": "jlt", "name": "AL THANYAH FIFTH", "type": "yield"}, "geometry": {"type": "Polygon", "coordinates": [[[55.1583327090296, 25.0776382678795], [55.1508414687825, 25.0750826921252], [55.146434864286, 25.0707523092401], [55.1654032439171, 25.0555741724974], [55.1715045739759, 25.0515276739687], [55.1720429486535, 25.0473663497878], [55.1695571423894, 25.0439326853097], [55.1760417180966, 25.0391455246461], [55.1685738364761, 25.030749331108], [55.1450740431102, 25.049650400019], [55.1382314616336, 25.058939772247], [55.1327018281843, 25.0647370031179], [55.1437534082914, 25.0771190103918], [55.1521284076587, 25.0843152436277], [55.1537660431039, 25.0829089676882], [55.1557675604691, 25.0834710717261], [55.1548579986122, 25.0818270117495], [55.1583327090296, 25.0776382678795]]]}}, {"type": "Feature", "properties": {"area_id": "meadows", "name": "AL THANYAH SECOND", "type": "yield"}, "geometry": {"type": "Polygon", "coordinates": [[[55.2102436778246, 25.0769272474451], [55.1986704000795, 25.0636554023014], [55.1791855748883, 25.0792013489238], [55.1736024758882, 25.0817671144658], [55.1728639550431, 25.0856029528349], [55.1766922052479, 25.0918720152894], [55.1820886470523, 25.0969780643633], [55.1885307117981, 25.0900966352402], [55.203627324426, 25.0816880638888], [55.2102436778246, 25.0769272474451]]]}}, {"type": "Feature", "properties": {"area_id": "", "name": "UMM SUQEIM SECOND", "type": "background"}, "geometry": {"type": "Polygon", "coordinates": [[[55.2067602023673, 25.1604794623329], [55.2159382330351, 25.1546932543329], [55.2044681336668, 25.1401046613392], [55.1936364267089, 25.1475158796839], [55.194271731394, 25.1504574303957], [55.1905276075307, 25.1505984340605], [55.1885539173599, 25.1532844527609], [55.1903073912581, 25.1561571612548], [55.1937964535422, 25.1569867481929], [55.1975330720668, 25.1552420722928], [55.1962059860198, 25.1523924617034], [55.1978901584565, 25.1520050970947], [55.1990026275066, 25.1535769288546], [55.1977056196982, 25.1540620190819], [55.1999938405805, 25.1544394600984], [55.2018110935234, 25.1583695201845], [55.203102940492, 25.1583356451396], [55.2053540728502, 25.1620782559225], [55.2067602023673, 25.1604794623329]]]}}, {"type": "Feature", "properties": {"area_id": "", "name": "ZAA'BEEL SECOND", "type": "background"}, "geometry": {"type": "Polygon", "coordinates": [[[55.3056362067962, 25.2137844679978], [55.3128612087583, 25.2079991951506], [55.3121176402649, 25.2043611172365], [55.3092310707877, 25.2001088481047], [55.3089834907922, 25.1977436713888], [55.3111780884937, 25.1873807389857], [55.316536423484, 25.1799881215367], [55.2940855727681, 25.1831704833152], [55.2936469894417, 25.1896068058272], [55.2919989645534, 25.192901299237], [55.2777976165963, 25.2012197624467], [55.2786229559398, 25.2037085796961], [55.273691298417, 25.2052857247649], [55.2810410686538, 25.2166256664212], [55.2845678969368, 25.2147599354355], [55.2923650558893, 25.2255348149061], [55.3056362067962, 25.2137844679978]]]}}, {"type": "Feature", "properties": {"area_id": "city-walk", "name": "AL WASL", "type": "yield"}, "geometry": {"type": "Polygon", "coordinates": [[[55.261073666978, 25.2100592176263], [55.2708502764403, 25.2049000911076], [55.2656152603692, 25.1976489201887], [55.2494448057681, 25.180100707406], [55.239866526773, 25.186793186687], [55.2572521208656, 25.2120884246834], [55.261073666978, 25.2100592176263]]]}}, {"type": "Feature", "properties": {"area_id": "", "name": "AL BARAHA", "type": "background"}, "geometry": {"type": "Polygon", "coordinates": [[[55.3264809859574, 25.2798477922849], [55.3266994878768, 25.2784666589198], [55.315371482634, 25.2765970966243], [55.3146265486742, 25.2786642194402], [55.3109331510682, 25.278853274966], [55.3100890319382, 25.2798732111306], [55.3178823486886, 25.2842975385737], [55.3222308652242, 25.2878275291367], [55.3264809859574, 25.2798477922849]]]}}, {"type": "Feature", "properties": {"area_id": "", "name": "HOR AL ANZ", "type": "background"}, "geometry": {"type": "Polygon", "coordinates": [[[55.3483033461948, 25.2760648289942], [55.337183647499, 25.2718498607798], [55.3303632544796, 25.2704687272388], [55.3290029791783, 25.275442651776], [55.3271263980756, 25.2786652745831], [55.3385541990389, 25.2837566181551], [55.3483033461948, 25.2760648289942]]]}}, {"type": "Feature", "properties": {"area_id": "", "name": "UMM AL MO'MENEEN", "type": "background"}, "geometry": {"type": "Polygon", "coordinates": [[[55.5355943329317, 24.9661332873413], [55.5068725398482, 24.966006158537], [55.4941876379756, 24.9647519290388], [55.4657514633252, 25.0047771847009], [55.4702639666084, 25.0070363183711], [55.4997843686722, 25.0087364655614], [55.529693111055, 25.0128579664299], [55.5404094881819, 25.0154982421424], [55.5517822334213, 25.0210282329122], [55.5513329212026, 25.0149657279227], [55.5355943329317, 24.9661332873413]]]}}, {"type": "Feature", "properties": {"area_id": "", "name": "AL WUHEIDA", "type": "background"}, "geometry": {"type": "Polygon", "coordinates": [[[55.3454454321723, 25.2901925571269], [55.3385541990389, 25.2837566181551], [55.3275725192329, 25.2925670756827], [55.3358141441589, 25.2983354968713], [55.3454454321723, 25.2901925571269]]]}}, {"type": "Feature", "properties": {"area_id": "", "name": "AL QUSAIS IND. FOURTH", "type": "background"}, "geometry": {"type": "Polygon", "coordinates": [[[55.4072779592468, 25.2944443494766], [55.4009295852711, 25.2884714414327], [55.3947951356828, 25.2920217839044], [55.3967049363622, 25.2984482828133], [55.4072779592468, 25.2944443494766]]]}}, {"type": "Feature", "properties": {"area_id": "", "name": "AL QUSAIS IND. FIFTH", "type": "background"}, "geometry": {"type": "Polygon", "coordinates": [[[55.4277469457125, 25.2866964279822], [55.4222700698715, 25.2785031983899], [55.4130684047217, 25.281469356723], [55.4009295852711, 25.2884714414327], [55.4072779592468, 25.2944443494766], [55.4277469457125, 25.2866964279822]]]}}, {"type": "Feature", "properties": {"area_id": "", "name": "JABAL ALI INDUSTRIAL SECOND", "type": "background"}, "geometry": {"type": "Polygon", "coordinates": [[[55.1014627576643, 24.9853587008174], [55.1201921400625, 24.9798077406873], [55.1422673698475, 24.9749834775803], [55.1366644165987, 24.9590402772034], [55.1281921399316, 24.9441926838716], [55.1171892349654, 24.9309589175603], [55.1039121028706, 24.9195924344064], [55.0664439731803, 24.9431228907724], [55.0623646131667, 24.9470201307303], [55.071709925952, 24.9510559581063], [55.078993026549, 24.9577488583476], [55.0896529489353, 24.9757294165662], [55.091776595876, 24.981364519265], [55.0930294809086, 24.9876292575465], [55.1014627576643, 24.9853587008174]]]}}, {"type": "Feature", "properties": {"area_id": "dubai-hills", "name": "AL HEBIAH THIRD", "type": "yield"}, "geometry": {"type": "Polygon", "coordinates": [[[55.2606530445669, 25.0116662800744], [55.2544059202621, 25.0082473500248], [55.2395952081953, 25.0241811773473], [55.2600060967737, 25.0353679386581], [55.2665039752389, 25.0303180793687], [55.2634710323166, 25.0263469634118], [55.2641539380731, 25.0226224051486], [55.261483444691, 25.0188488830565], [55.2620379725111, 25.0145236268269], [55.2606530445669, 25.0116662800744]]]}}, {"type": "Feature", "properties": {"area_id": "ras-al-khor", "name": "RAS AL KHOR", "type": "yield"}, "geometry": {"type": "Polygon", "coordinates": [[[55.3361965787726, 25.2107182938615], [55.3411523918445, 25.2051508525944], [55.3402646922571, 25.204803474878], [55.3393095948577, 25.2026227630096], [55.3399650708604, 25.2012363324591], [55.3458438503312, 25.1991059124661], [55.3464668208548, 25.1854319282184], [55.3278851395154, 25.1848275847195], [55.316536423484, 25.1799881215367], [55.3113765906859, 25.1869203787377], [55.3092326479962, 25.1962798911288], [55.3145884663886, 25.2037795467085], [55.330726877249, 25.2039207511391], [55.335682456731, 25.2061695017127], [55.3360128223839, 25.2073367979507], [55.3353113836236, 25.2079421748499], [55.3361965787726, 25.2107182938615]]]}}, {"type": "Feature", "properties": {"area_id": "", "name": "AL TWAR SECOND", "type": "background"}, "geometry": {"type": "Polygon", "coordinates": [[[55.3896671523321, 25.2610517134256], [55.3877598042573, 25.2579741668893], [55.3871228885622, 25.254327425482], [55.3738340147078, 25.2621491918951], [55.3779558552013, 25.2679344101885], [55.3896671523321, 25.2610517134256]]]}}, {"type": "Feature", "properties": {"area_id": "", "name": "AL HUDAIBA", "type": "background"}, "geometry": {"type": "Polygon", "coordinates": [[[55.2849037322877, 25.2465929934731], [55.2787846617774, 25.2350812008462], [55.2723315331903, 25.2390416130615], [55.2750104283587, 25.2409293764879], [55.2803761506236, 25.2498773313317], [55.2849037322877, 25.2465929934731]]]}}, {"type": "Feature", "properties": {"area_id": "al-barsha", "name": "AL BARSHA THIRD", "type": "yield"}, "geometry": {"type": "Polygon", "coordinates": [[[55.2109946131274, 25.0892953591778], [55.2171945828076, 25.0847234689071], [55.2102436778246, 25.0769272474451], [55.203627324426, 25.0816880638888], [55.1885307117981, 25.0900966352402], [55.1819397090367, 25.0971674866134], [55.1892569277501, 25.1048389843388], [55.1992694013681, 25.1057240245062], [55.2002193466234, 25.0982592698071], [55.2031750988124, 25.0968987634352], [55.203811995706, 25.0945883286493], [55.2109946131274, 25.0892953591778]]]}}, {"type": "Feature", "properties": {"area_id": "", "name": "AL MUTEENA", "type": "background"}, "geometry": {"type": "Polygon", "coordinates": [[[55.3298469442592, 25.2728609104078], [55.3303632544796, 25.2704687272388], [55.3164247777976, 25.2700796212003], [55.315371482634, 25.2765970966243], [55.3271263980756, 25.2786652745831], [55.3298469442592, 25.2728609104078]]]}}, {"type": "Feature", "properties": {"area_id": "", "name": "UMM ESELAY", "type": "background"}, "geometry": {"type": "Polygon", "coordinates": [[[55.6253937577583, 24.8938659442357], [55.6266297768641, 24.8937707260433], [55.6465442908581, 24.8715854894229], [55.609980144999, 24.8471516591708], [55.5943622079218, 24.8427403498874], [55.5820237501078, 24.8358622854624], [55.5780187211275, 24.8312872745075], [55.5739383215822, 24.8293633737472], [55.563167865965, 24.8559793158405], [55.549963975331, 24.8767605479972], [55.5530849864804, 24.8777754450888], [55.557965196474, 24.8759543509962], [55.5710797982486, 24.8760804082415], [55.5823149572812, 24.8788700495904], [55.602009213197, 24.8889713505582], [55.6078988497373, 24.8906895604305], [55.6200494914411, 24.8989560822164], [55.6229818891223, 24.8974031813355], [55.6253937577583, 24.8938659442357]]]}}, {"type": "Feature", "properties": {"area_id": "", "name": "NAIF", "type": "background"}, "geometry": {"type": "Polygon", "coordinates": [[[55.3160769931418, 25.2723092868123], [55.3164247777976, 25.2700796212003], [55.3050479018561, 25.268940458527], [55.3033403541687, 25.2689401214512], [55.3023767287072, 25.2714946059162], [55.3115592128385, 25.2756487243496], [55.315371482634, 25.2765970966243], [55.3160769931418, 25.2723092868123]]]}}, {"type": "Feature", "properties": {"area_id": "dubai-south", "name": "DUBAI INVESTMENT PARK SECOND", "type": "yield"}, "geometry": {"type": "Polygon", "coordinates": [[[55.2219419206636, 24.9868968997437], [55.2407477848468, 24.9782072838725], [55.2344385740143, 24.9537747774905], [55.2161475229743, 24.9556121537251], [55.2043397115311, 24.9596918614167], [55.1820034613648, 24.9644373645628], [55.1855574066714, 24.9820535722041], [55.1858149582683, 24.9903320243201], [55.1878584032928, 24.9961928635565], [55.1949926830076, 24.9941594603164], [55.2098433995002, 24.9916358064925], [55.2219419206636, 24.9868968997437]]]}}, {"type": "Feature", "properties": {"area_id": "", "name": "AL ROWAIYAH SECOND", "type": "background"}, "geometry": {"type": "Polygon", "coordinates": [[[55.4148682876812, 25.1030406953758], [55.3921172536569, 25.0875246851763], [55.3789238812899, 25.1034022171576], [55.4082291080101, 25.1252325583007], [55.4107740253945, 25.1221613464572], [55.4116693381571, 25.1197566820901], [55.4114557323186, 25.1170335651363], [55.4092669981213, 25.1123106435183], [55.4094915050568, 25.1098198943704], [55.4148682876812, 25.1030406953758]]]}}, {"type": "Feature", "properties": {"area_id": "dubai-land", "name": "AL YALAYIS 4", "type": "yield"}, "geometry": {"type": "Polygon", "coordinates": [[[55.3394895065174, 24.9662358288061], [55.341996896355, 24.9580816907523], [55.3433142897122, 24.949859753168], [55.3141849380412, 24.952418353783], [55.2921208250844, 24.9571314198735], [55.2931080711816, 24.961332017925], [55.2945347715856, 24.9636822518978], [55.3030927055574, 24.9710536608422], [55.3123750203315, 24.9817499921769], [55.3210476198234, 24.9892251146105], [55.3312930650699, 24.9797359011387], [55.3351891073173, 24.974653118903], [55.3394895065174, 24.9662358288061]]]}}, {"type": "Feature", "properties": {"area_id": "dubai-hills", "name": "AL HEBIAH SECOND", "type": "yield"}, "geometry": {"type": "Polygon", "coordinates": [[[55.2600060967737, 25.0353679386581], [55.2395952081953, 25.0241811773473], [55.2320351367678, 25.0344778305699], [55.2518174143212, 25.0458756572708], [55.2549996900946, 25.0409021675572], [55.2600060967737, 25.0353679386581]]]}}, {"type": "Feature", "properties": {"area_id": "", "name": "BU KADRA", "type": "background"}, "geometry": {"type": "Polygon", "coordinates": [[[55.3324785654895, 25.1696438150517], [55.328530597159, 25.1695895849971], [55.3259515806064, 25.1681812150279], [55.316536423484, 25.1799881215367], [55.3250577666732, 25.1841052731743], [55.3293633333404, 25.1848908225472], [55.3295222174902, 25.1800161074719], [55.3326372450009, 25.1755025231007], [55.3324785654895, 25.1696438150517]]]}}, {"type": "Feature", "properties": {"area_id": "ras-al-khor", "name": "RAS AL KHOR IND. FIRST", "type": "yield"}, "geometry": {"type": "Polygon", "coordinates": [[[55.3459294335113, 25.1692551178867], [55.3324785654895, 25.1696438150517], [55.3326372450009, 25.1755025231007], [55.3295222174902, 25.1800161074719], [55.3293633333404, 25.1848908225472], [55.3464668208548, 25.1854319282184], [55.3459294335113, 25.1692551178867]]]}}, {"type": "Feature", "properties": {"area_id": "", "name": "NAZWAH", "type": "background"}, "geometry": {"type": "Polygon", "coordinates": [[[55.6618219663242, 24.9981698208545], [55.6592150262874, 25.0002673169206], [55.6181002055996, 25.0231425757332], [55.6366123467709, 25.0368880720854], [55.6392783974437, 25.0400880746795], [55.6457087497533, 25.0432330377025], [55.6623256949795, 25.0439967588251], [55.6618219663242, 24.9981698208545]]]}}, {"type": "Feature", "properties": {"area_id": "", "name": "UMM HURAIR FIRST", "type": "background"}, "geometry": {"type": "Polygon", "coordinates": [[[55.3042669848449, 25.254812801194], [55.3075815487262, 25.2589478586194], [55.310661024485, 25.2604230341802], [55.3128897219799, 25.2565068474565], [55.3187855541081, 25.2517520079356], [55.3205437684803, 25.2512276648046], [55.3185915814165, 25.2488299102525], [55.3142143973189, 25.247755174419], [55.3101950431914, 25.2521960598109], [55.3042669848449, 25.254812801194]]]}}, {"type": "Feature", "properties": {"area_id": "dubai-land", "name": "AL YALAYIS 1", "type": "yield"}, "geometry": {"type": "Polygon", "coordinates": [[[55.3251733771381, 25.0219314544169], [55.3354604486281, 25.0014468720233], [55.330189779204, 24.9984580540186], [55.3210476198234, 24.9892251146105], [55.3057769891139, 24.9996212627278], [55.2972489961993, 25.0065524942801], [55.2815962838075, 25.0222094330941], [55.3087980155209, 25.0493661353707], [55.3166719307886, 25.0386245550137], [55.3251733771381, 25.0219314544169]]]}}, {"type": "Feature", "properties": {"area_id": "", "name": "JUMEIRA BAY", "type": "background"}, "geometry": {"type": "Polygon", "coordinates": [[[55.2331944319581, 25.2072061878246], [55.2267574479516, 25.211608726492], [55.2223638388622, 25.217695431385], [55.2249349113311, 25.2217311600569], [55.2287361021858, 25.2241336498327], [55.2345880167809, 25.2233105615762], [55.2362294825368, 25.2224166924513], [55.2388983035064, 25.2164773585892], [55.2416232955678, 25.2137571625436], [55.2412867451596, 25.2104320363064], [55.2391695604544, 25.2078361183505], [55.2389492125442, 25.2055051664692], [55.2388548073294, 25.2074501811177], [55.2358909272449, 25.2054422277353], [55.2331944319581, 25.2072061878246]]]}}, {"type": "Feature", "properties": {"area_id": "", "name": "AL ROWAIYAH THIRD", "type": "background"}, "geometry": {"type": "Polygon", "coordinates": [[[55.5131782528484, 25.1212996872053], [55.4991962762311, 25.1087800191907], [55.4707605986849, 25.0901917916593], [55.45850954018, 25.0777031925197], [55.4113205261821, 25.079709360261], [55.4031936968336, 25.0777963355551], [55.4011753015355, 25.0763969352799], [55.3921172536569, 25.0875246851763], [55.4452502231494, 25.1239602091423], [55.4893826510567, 25.1581481159551], [55.4955098862128, 25.1644444016915], [55.5054574112555, 25.1639468550573], [55.5104047840214, 25.1623973695143], [55.5253045438658, 25.150697530714], [55.5272724255707, 25.1470298972515], [55.5293174183081, 25.1338184346876], [55.5226006320375, 25.1338271657139], [55.5225981532641, 25.132218826905], [55.5131782528484, 25.1212996872053]]]}}, {"type": "Feature", "properties": {"area_id": "", "name": "MEREIYEEL", "type": "background"}, "geometry": {"type": "Polygon", "coordinates": [[[55.536020858505, 25.1116041319085], [55.5484684978625, 25.0858677722909], [55.555918891649, 25.0788509213219], [55.5504090492447, 25.0730140651448], [55.546861004244, 25.0753224579742], [55.45850954018, 25.0777031925197], [55.4707605986849, 25.0901917916593], [55.4965585684343, 25.1069158423097], [55.5057858021865, 25.1140609312431], [55.5126424172831, 25.1207181203181], [55.5225981532641, 25.132218826905], [55.5226006320375, 25.1338271657139], [55.5293174183081, 25.1338184346876], [55.5311713510379, 25.1232017468454], [55.536020858505, 25.1116041319085]]]}}, {"type": "Feature", "properties": {"area_id": "", "name": "AL DAGHAYA", "type": "background"}, "geometry": {"type": "Polygon", "coordinates": [[[55.2984303288483, 25.2708159288051], [55.2974122057283, 25.2735968075246], [55.3015517694915, 25.2751504258516], [55.3023767299479, 25.2714946070449], [55.2989922658298, 25.2703574272704], [55.2984303288483, 25.2708159288051]]]}}, {"type": "Feature", "properties": {"area_id": "arabian-ranches-2", "name": "WADI AL SAFA 3", "type": "yield"}, "geometry": {"type": "Polygon", "coordinates": [[[55.350979507302, 25.1363730524133], [55.3649438028919, 25.1199009703794], [55.3455744029255, 25.1101517532523], [55.3333795331864, 25.1001588623806], [55.2957484700711, 25.0658788625449], [55.2930997636845, 25.0679858580523], [55.2933382719605, 25.0899481900622], [55.2908085708794, 25.0889259855771], [55.2782525797459, 25.12670034264], [55.2952745797441, 25.1307504908991], [55.2964985032478, 25.1245294486455], [55.3041091453946, 25.1282846613075], [55.3127600026715, 25.1195251280431], [55.314808333216, 25.1192178729745], [55.3253404628439, 25.1268033972845], [55.3243955034636, 25.128792767019], [55.3321101654797, 25.1297568335808], [55.3327192947914, 25.1259451128007], [55.33980496659, 25.132593686218], [55.3407429539068, 25.1309553011319], [55.350979507302, 25.1363730524133]]]}}, {"type": "Feature", "properties": {"area_id": "", "name": "MADINAT HIND 1", "type": "background"}, "geometry": {"type": "Polygon", "coordinates": [[[55.3981652312864, 25.0493459945891], [55.3895163741614, 25.0510053023884], [55.367069010124, 25.0507699901618], [55.3613081658741, 25.057554908805], [55.3601227919058, 25.0651753041066], [55.3585755879469, 25.0690977899464], [55.375971941576, 25.076461399885], [55.3921172734914, 25.0875247032232], [55.4133271348177, 25.0625821551294], [55.4031353662671, 25.055395858108], [55.3981652312864, 25.0493459945891]]]}}, {"type": "Feature", "properties": {"area_id": "", "name": "HESSYAN FIRST", "type": "background"}, "geometry": {"type": "Polygon", "coordinates": [[[54.9895185529108, 24.9724948882114], [54.9889326872178, 24.9738329913942], [55.0045783936633, 24.9796879108953], [55.0193114566901, 24.9882780075231], [55.0191004449266, 24.9867135638236], [55.0201307718138, 24.9842043734565], [55.0216196052506, 24.9844340871598], [55.0222649873293, 24.9836852865144], [55.021973305063, 24.9827001017058], [55.0299746248926, 24.9650584038864], [55.0322796469571, 24.963906196877], [55.0399277050299, 24.966674137246], [55.0403171477325, 24.967848390434], [55.0340195820571, 24.977948720117], [55.0422923723965, 24.9661910068299], [55.0623646144019, 24.9470201318609], [55.0101995319643, 24.9290625368865], [55.0053525440931, 24.93661382599], [54.9944642707464, 24.9640788906241], [54.9895185529108, 24.9724948882114]]]}}, {"type": "Feature", "properties": {"area_id": "", "name": "MADINAT DUBAI AL MELAHEYAH", "type": "background"}, "geometry": {"type": "Polygon", "coordinates": [[[55.2884424474291, 25.2868294872358], [55.2914538776193, 25.2824192469131], [55.2943945288173, 25.2722780958382], [55.2904338759065, 25.2706882198502], [55.2869126787398, 25.2659244746593], [55.2840145544408, 25.2609639697987], [55.285058147842, 25.2577686993907], [55.2844932831427, 25.2553763148383], [55.2786005278701, 25.2473761837459], [55.2750104482007, 25.2409293945501], [55.2723315530316, 25.2390416311241], [55.2696020849394, 25.2404626125031], [55.2709342648931, 25.2423127425609], [55.2520794858167, 25.2522020417059], [55.2501978469478, 25.2541147535376], [55.2488708123938, 25.2571073262687], [55.2504154681463, 25.2862230236025], [55.2616456529963, 25.285521809378], [55.2546561925981, 25.3078271324012], [55.2721154452686, 25.3094858395995], [55.2884424474291, 25.2868294872358]]]}}, {"type": "Feature", "properties": {"area_id": "ras-al-khor", "name": "RAS AL KHOR IND. SECOND", "type": "yield"}, "geometry": {"type": "Polygon", "coordinates": [[[55.3708421342093, 25.18492223076], [55.3658574137082, 25.1680153444327], [55.3613343478123, 25.1688377509973], [55.3459294335113, 25.1692551178867], [55.3464668208548, 25.1854319282184], [55.3641458413641, 25.1858626110483], [55.3708421342093, 25.18492223076]]]}}, {"type": "Feature", "properties": {"area_id": "", "name": "WADI ALSHABAK", "type": "background"}, "geometry": {"type": "Polygon", "coordinates": [[[55.4854220721444, 25.1648715444182], [55.4758827223796, 25.165151195231], [55.460062093177, 25.1680369110794], [55.4645392202344, 25.1898157577633], [55.4967096284965, 25.1846474245115], [55.5116308323501, 25.1797810853598], [55.5150622075312, 25.1776820596463], [55.4955099060748, 25.1644444197243], [55.4854220721444, 25.1648715444182]]]}}, {"type": "Feature", "properties": {"area_id": "", "name": "AL TWAR FIRST", "type": "background"}, "geometry": {"type": "Polygon", "coordinates": [[[55.3604856948222, 25.2781664054421], [55.3779558552013, 25.2679344101885], [55.3738340147078, 25.2621491918951], [55.364861262484, 25.267188534013], [55.3557381681229, 25.2685081649288], [55.3489584513909, 25.2748551237851], [55.3557206117696, 25.2810378444049], [55.3604856948222, 25.2781664054421]]]}}, {"type": "Feature", "properties": {"area_id": "", "name": "AL FAGAA", "type": "background"}, "geometry": {"type": "Polygon", "coordinates": [[[55.6018309135158, 24.7717174414945], [55.6197969393988, 24.7284921864175], [55.6217362189929, 24.7198434980548], [55.5958004762233, 24.7119814137281], [55.5529367696107, 24.6660692012267], [55.5233622898165, 24.6505571708141], [55.4966020276933, 24.6466774448543], [55.4632910862367, 24.6917767186409], [55.5320032335084, 24.6917015979093], [55.5321042827779, 24.7545144478269], [55.519359373112, 24.7718194937192], [55.4902454576782, 24.7716898181996], [55.572984389986, 24.8312722191649], [55.5941868557383, 24.7899905423315], [55.6018309135158, 24.7717174414945]]]}}, {"type": "Feature", "properties": {"area_id": "arjan", "name": "AL BARSHA SOUTH THIRD", "type": "yield"}, "geometry": {"type": "Polygon", "coordinates": [[[55.2497404443135, 25.0664107492918], [55.2493907203223, 25.0560200244517], [55.2317122953259, 25.053977814868], [55.2234887022598, 25.0518685755102], [55.2210220553196, 25.0616975692478], [55.2283050783083, 25.0633819942272], [55.234247733094, 25.0682608698435], [55.2498085372428, 25.0683065489318], [55.2497404443135, 25.0664107492918]]]}}, {"type": "Feature", "properties": {"area_id": "mirdif", "name": "MUSHRAIF", "type": "yield"}, "geometry": {"type": "Polygon", "coordinates": [[[55.4624951779124, 25.2166876388265], [55.4604353317113, 25.2054163181078], [55.4608843075354, 25.2031459836868], [55.4645379869776, 25.1966752255912], [55.4645392003728, 25.1898157397264], [55.4550262002892, 25.1912230917868], [55.4499184282636, 25.1929965430005], [55.4454367066189, 25.1960151026092], [55.438418520235, 25.2034225810915], [55.4344314310506, 25.2054384309371], [55.4282112550283, 25.2069771800559], [55.4279478248715, 25.2076497864321], [55.4311111731204, 25.2170226607652], [55.4371953841847, 25.2140302527922], [55.4384297410539, 25.2159460735012], [55.4420371030607, 25.2223319712476], [55.4424030555852, 25.2320810698555], [55.4648983815928, 25.228614369146], [55.4624951779124, 25.2166876388265]]]}}, {"type": "Feature", "properties": {"area_id": "", "name": "MARGHAM", "type": "background"}, "geometry": {"type": "Polygon", "coordinates": [[[55.6396772612108, 25.0108347700076], [55.6547091852997, 25.0026710376383], [55.6538168745439, 24.997944119001], [55.6589134620499, 24.9881261071732], [55.660960133725, 24.9789598652892], [55.6513629482105, 24.9443000586123], [55.6461687921303, 24.9370941379904], [55.6286333614152, 24.9055329058079], [55.6084043490433, 24.8909649356409], [55.602009213197, 24.8889713505582], [55.5823149572812, 24.8788700495904], [55.5710797982486, 24.8760804082415], [55.557965196474, 24.8759543509962], [55.5530849864804, 24.8777754450888], [55.549963975331, 24.8767605479972], [55.531052413295, 24.9067061540646], [55.5152845700379, 24.9338901087578], [55.4941876379756, 24.9647519290388], [55.5068725398482, 24.966006158537], [55.5355943329317, 24.9661332873413], [55.5805042358428, 24.9880793127363], [55.6181002055996, 25.0231425757332], [55.6396772612108, 25.0108347700076]]]}}, {"type": "Feature", "properties": {"area_id": "", "name": "LEHBAB FIRST", "type": "background"}, "geometry": {"type": "Polygon", "coordinates": [[[55.6145368719845, 25.0250845141455], [55.5918401688436, 25.0364184754861], [55.5859826788942, 25.0445175730244], [55.5823010992184, 25.0566655917836], [55.5803548784532, 25.0597200875547], [55.564436568477, 25.0721648218391], [55.5695369368617, 25.0775036151507], [55.6123276579844, 25.0843553417055], [55.6112189949209, 25.0902834438396], [55.6282547591812, 25.0950622917677], [55.6299620161528, 25.077725259273], [55.6320611336905, 25.0760971180615], [55.6392844505417, 25.0400910423694], [55.6366123480123, 25.0368880732113], [55.6180471957972, 25.0230931451605], [55.6145368719845, 25.0250845141455]]]}}, {"type": "Feature", "properties": {"area_id": "dso", "name": "MUHAISANAH FOURTH", "type": "yield"}, "geometry": {"type": "Polygon", "coordinates": [[[55.4130684047217, 25.281469356723], [55.4222700698715, 25.2785031983899], [55.415185479074, 25.2700669222519], [55.3966957838228, 25.2808363689978], [55.4009295852711, 25.2884714414327], [55.4130684047217, 25.281469356723]]]}}, {"type": "Feature", "properties": {"area_id": "", "name": "AL RAFFA", "type": "background"}, "geometry": {"type": "Polygon", "coordinates": [[[55.2904576813873, 25.2593862191703], [55.2945970813759, 25.2596581689982], [55.2975457677408, 25.258250675659], [55.2849037322877, 25.2465929934731], [55.2803761506236, 25.2498773313317], [55.2848205580138, 25.2560805146105], [55.2843322477766, 25.2608376682561], [55.2904576813873, 25.2593862191703]]]}}, {"type": "Feature", "properties": {"area_id": "", "name": "AL RAS", "type": "background"}, "geometry": {"type": "Polygon", "coordinates": [[[55.2975081332513, 25.2682419623385], [55.298556463713, 25.2669172176983], [55.2949908196406, 25.2657948359863], [55.2933076326878, 25.2659321074909], [55.2921439432483, 25.2671517891597], [55.2926358228923, 25.2685095821882], [55.295217719771, 25.2706882609901], [55.2958398619279, 25.2729819476919], [55.2974122057283, 25.2735968075246], [55.2982991779136, 25.2723991545373], [55.2976510923039, 25.271493540285], [55.2990084919886, 25.2702937208084], [55.2972744996668, 25.2692456885738], [55.2975081332513, 25.2682419623385]]]}}, {"type": "Feature", "properties": {"area_id": "", "name": "AL QUSAIS SECOND", "type": "background"}, "geometry": {"type": "Polygon", "coordinates": [[[55.3881350436953, 25.275685300697], [55.3962935402531, 25.2709518225865], [55.3896671523321, 25.2610517134256], [55.3779558552013, 25.2679344101885], [55.3847305177225, 25.2776544422401], [55.3881350436953, 25.275685300697]]]}}, {"type": "Feature", "properties": {"area_id": "", "name": "AL JAFILIYA", "type": "background"}, "geometry": {"type": "Polygon", "coordinates": [[[55.2880910488643, 25.2435157358685], [55.2954073392196, 25.2397444323844], [55.2896244656162, 25.2298580590894], [55.2787846617774, 25.2350812008462], [55.2849037322877, 25.2465929934731], [55.2880910488643, 25.2435157358685]]]}}, {"type": "Feature", "properties": {"area_id": "", "name": "AL QOUZ FOURTH", "type": "background"}, "geometry": {"type": "Polygon", "coordinates": [[[55.2616592625751, 25.1589291537866], [55.2610628003784, 25.1443678437739], [55.2524840355838, 25.144562010839], [55.2428794420563, 25.1505866805317], [55.2529007250145, 25.1594572649898], [55.2553512732546, 25.1584746021504], [55.2616592625751, 25.1589291537866]]]}}, {"type": "Feature", "properties": {"area_id": "damac-hills", "name": "WADI AL SAFA 6", "type": "yield"}, "geometry": {"type": "Polygon", "coordinates": [[[55.3011654351545, 25.0582734720443], [55.2600060967737, 25.0353679386581], [55.2536805358212, 25.042815280023], [55.2496712808764, 25.05149745116], [55.2493907203223, 25.0560200244517], [55.2848485086784, 25.0599537269115], [55.2901599362495, 25.0619413949532], [55.2957484688325, 25.0658788614161], [55.2973450909548, 25.0627196667667], [55.3011654351545, 25.0582734720443]]]}}, {"type": "Feature", "properties": {"area_id": "", "name": "UMM AL DAMAN", "type": "background"}, "geometry": {"type": "Polygon", "coordinates": [[[55.423206667635, 25.0792695052473], [55.452561251307, 25.0778160029904], [55.4999841136033, 25.0767858549207], [55.5008728659583, 25.0764073482027], [55.4985961685517, 25.0585154792578], [55.4985043346415, 25.0483084641289], [55.4919216280313, 25.0376103893026], [55.4915738257034, 25.0358025331269], [55.4654168977944, 25.038578096946], [55.455193131466, 25.0407113906287], [55.4493699603641, 25.0409365830049], [55.4376774698619, 25.0394727280993], [55.4313574555102, 25.046370125253], [55.415540976991, 25.0600923538145], [55.4011753015355, 25.0763969352799], [55.4031936968336, 25.0777963355551], [55.409329427402, 25.0795672911298], [55.423206667635, 25.0792695052473]]]}}, {"type": "Feature", "properties": {"area_id": "the-valley", "name": "AL YALAYIS 3", "type": "yield"}, "geometry": {"type": "Polygon", "coordinates": [[[55.3633378378859, 24.9643078865574], [55.3661706734239, 24.9498826756194], [55.3433142897122, 24.949859753168], [55.3406285349317, 24.963283434436], [55.3351891073173, 24.974653118903], [55.3284351312835, 24.9829802737799], [55.3210476198234, 24.9892251146105], [55.330189779204, 24.9984580540186], [55.3354604486281, 25.0014468720233], [55.3395095546181, 24.9962605884078], [55.3480652097792, 24.9887241375137], [55.3542781671034, 24.9815825609997], [55.3595322967467, 24.9732569324198], [55.3633378378859, 24.9643078865574]]]}}, {"type": "Feature", "properties": {"area_id": "", "name": "LEHBAB SECOND", "type": "background"}, "geometry": {"type": "Polygon", "coordinates": [[[55.5647586233285, 25.0719050536571], [55.5803548772121, 25.0597200864283], [55.5823010979773, 25.0566655906573], [55.5859826776532, 25.044517571898], [55.5918401676027, 25.0364184743598], [55.6075210794333, 25.0290696661623], [55.6180471945562, 25.0230931440345], [55.5805042358428, 24.9880793127363], [55.5355943329317, 24.9661332873413], [55.5513329212026, 25.0149657279227], [55.5517822334213, 25.0210282329122], [55.5454860851135, 25.0177168954256], [55.5365703338717, 25.0143670493829], [55.529693111055, 25.0128579664299], [55.5070750421739, 25.0102729392343], [55.5065913066588, 25.0658625153782], [55.5253772551821, 25.0660482721752], [55.5252902912887, 25.0762137976922], [55.546861004244, 25.0753224579742], [55.5504090492447, 25.0730140651448], [55.555918891649, 25.0788509213219], [55.5647586233285, 25.0719050536571]]]}}, {"type": "Feature", "properties": {"area_id": "", "name": "AL TTAY", "type": "background"}, "geometry": {"type": "Polygon", "coordinates": [[[55.5645676297639, 25.2347702757719], [55.5605005144073, 25.2260950806041], [55.5536915096362, 25.2288607045544], [55.5452639954457, 25.2335581259902], [55.5371053878512, 25.239202547432], [55.5302374717093, 25.2455398931386], [55.511553773251, 25.2528411330954], [55.512225804976, 25.2546531423173], [55.5645676297639, 25.2347702757719]]]}}, {"type": "Feature", "properties": {"area_id": "", "name": "MADINAT LATIFA", "type": "background"}, "geometry": {"type": "Polygon", "coordinates": [[[55.3141849380412, 24.952418353783], [55.3433142897122, 24.949859753168], [55.3403166002292, 24.8616158420533], [55.3413839802048, 24.8575627707739], [55.3453041238832, 24.8513815248186], [55.3237283366884, 24.8402749846833], [55.2997183446971, 24.8352944114538], [55.2503881234882, 24.8178904153676], [55.2416140004649, 24.8358381645402], [55.1955870517687, 24.8618272117569], [55.184267783286, 24.8690486168863], [55.2029964689946, 24.8904312769221], [55.2177430818767, 24.9117756257378], [55.2280596129616, 24.9327813784698], [55.2344385740143, 24.9537747774905], [55.2484580081779, 24.9510103027645], [55.2613564013977, 24.9500124455022], [55.2921208250844, 24.9571314198735], [55.3141849380412, 24.952418353783]]]}}, {"type": "Feature", "properties": {"area_id": "", "name": "GHADEER AL TAIR", "type": "background"}, "geometry": {"type": "Polygon", "coordinates": [[[55.2714335294291, 25.1394635441156], [55.2708189747926, 25.139398432791], [55.2698428430774, 25.1375052315906], [55.2655803035525, 25.1373734656668], [55.2665689147754, 25.138482549115], [55.2656489571231, 25.1402361283265], [55.2666289704531, 25.1413332278233], [55.2610628003784, 25.1443678437739], [55.2619059835299, 25.1610687385398], [55.2633919830417, 25.1642741314879], [55.2674737423902, 25.1683444061245], [55.2763243362777, 25.1601864544825], [55.2800208610077, 25.1540621768436], [55.2823723943081, 25.1518964456705], [55.2811773627258, 25.1397743877123], [55.2714335294291, 25.1394635441156]]]}}, {"type": "Feature", "properties": {"area_id": "", "name": "JUMEIRA SECOND", "type": "background"}, "geometry": {"type": "Polygon", "coordinates": [[[55.2308397400113, 25.198902049753], [55.2263119350983, 25.2056476043041], [55.2318254270724, 25.2085925053276], [55.2348121158503, 25.2040790377016], [55.2365724467654, 25.2063515369733], [55.2385625492408, 25.2052046918292], [55.2405284923864, 25.2068743237638], [55.2426487585577, 25.2094259900217], [55.2427692247238, 25.2103460004744], [55.2417782008109, 25.2105056503275], [55.2428182174611, 25.2105690749391], [55.2457140921417, 25.2087419772108], [55.246655873089, 25.2099792521624], [55.2536931570407, 25.2068868733178], [55.241006189175, 25.1884458890118], [55.2341864262148, 25.1933793758036], [55.2350457220681, 25.1952607194448], [55.2310765509777, 25.1975671947592], [55.2304522692088, 25.1968243274415], [55.2297191320234, 25.1972699312895], [55.2308397400113, 25.198902049753]]]}}, {"type": "Feature", "properties": {"area_id": "", "name": "RIGGAT AL BUTEEN", "type": "background"}, "geometry": {"type": "Polygon", "coordinates": [[[55.3195430464135, 25.2614770658411], [55.3263829076974, 25.2586610713918], [55.3220057330089, 25.2529466029995], [55.3149084910546, 25.257622716333], [55.3149989210271, 25.2593143945689], [55.3122267624687, 25.2619817222078], [55.3142911990818, 25.2644644716061], [55.3195430464135, 25.2614770658411]]]}}, {"type": "Feature", "properties": {"area_id": "palm-jumeirah", "name": "NAKHLAT JUMEIRA", "type": "yield"}, "geometry": {"type": "Polygon", "coordinates": [[[55.1454170875159, 25.0932126766309], [55.1448800362557, 25.0936589760107], [55.1497249758083, 25.0987816792287], [55.1428281088553, 25.1045483030465], [55.1376587905805, 25.0992185132649], [55.1318104997467, 25.0974382313481], [55.1242418146731, 25.0969362546554], [55.1242427149502, 25.0964066251028], [55.1197307094688, 25.0973217578891], [55.1136097873885, 25.1007394610441], [55.1003404176383, 25.1036673222764], [55.0996820181549, 25.1050028421743], [55.0985451547732, 25.1096097365096], [55.0983862377527, 25.1186479979936], [55.1019385327927, 25.1295126465525], [55.1045479908729, 25.1337786631452], [55.1115071511337, 25.1414315312978], [55.1168306014859, 25.1453476428807], [55.1228339144196, 25.1482631095863], [55.1248452541509, 25.1490076159109], [55.1320329266314, 25.1458960115846], [55.1398984012756, 25.1439061292132], [55.1413061061393, 25.1417730104008], [55.1466135112017, 25.1402834058726], [55.1495278050072, 25.1384466583057], [55.1522020462992, 25.1358082974907], [55.1546550455196, 25.1312120433186], [55.1555986594804, 25.1252376225899], [55.1552143718321, 25.1206248687898], [55.1593312504905, 25.1189383115685], [55.1629050412813, 25.1160107263296], [55.1568009138547, 25.1093705654914], [55.1551522890178, 25.1063516902625], [55.1549117200086, 25.1038687064105], [55.1578889396515, 25.1015035775365], [55.1558904462668, 25.0994397010905], [55.1535793432236, 25.1012756410081], [55.1468980752151, 25.0935635418666], [55.1459038938309, 25.0928081275446], [55.1454170875159, 25.0932126766309]]]}}, {"type": "Feature", "properties": {"area_id": "", "name": "JUMEIRA ISLAND 2", "type": "background"}, "geometry": {"type": "Polygon", "coordinates": [[[55.2282445934063, 25.1986142630199], [55.2259773094446, 25.1967183609996], [55.2261978363426, 25.1958150214565], [55.2237122578105, 25.1976384159575], [55.2262692362935, 25.1996801354583], [55.2260554298457, 25.2006176114341], [55.2279247269278, 25.1999682098156], [55.2288982715692, 25.1987717095084], [55.2282445934063, 25.1986142630199]]]}}, {"type": "Feature", "properties": {"area_id": "", "name": "AL YUFRAH 1", "type": "background"}, "geometry": {"type": "Polygon", "coordinates": [[[55.4657514633252, 25.0047771847009], [55.4492625411864, 24.9940472330989], [55.4454552282302, 24.9932000243446], [55.436636904192, 24.9931690251645], [55.4317722914491, 24.9914685033965], [55.4224465889532, 24.9834258603762], [55.4155558318201, 24.9749147012194], [55.4023060029918, 24.9852742383875], [55.3995549284371, 24.989925620747], [55.3997922203012, 24.9946708396836], [55.4026388202728, 24.9987868119055], [55.4083088327402, 24.9985612823846], [55.4128001992881, 25.0004772985278], [55.4242054512579, 25.0124690637835], [55.4451308940145, 25.0308591600247], [55.4657514633252, 25.0047771847009]]]}}, {"type": "Feature", "properties": {"area_id": "", "name": "AL WARQA'A FIFTH", "type": "background"}, "geometry": {"type": "Polygon", "coordinates": [[[55.4645392003728, 25.1898157397264], [55.4600620733196, 25.1680368930419], [55.4427258893497, 25.1713276148301], [55.4462414783745, 25.1864636749225], [55.4498490126859, 25.1930327066217], [55.4550262002892, 25.1912230917868], [55.4645392003728, 25.1898157397264]]]}}, {"type": "Feature", "properties": {"area_id": "the-springs", "name": "AL THANYAH FIRST", "type": "yield"}, "geometry": {"type": "Polygon", "coordinates": [[[55.1819397090367, 25.0971674866134], [55.1761874259902, 25.0912485945785], [55.168762718833, 25.0984533900951], [55.1769030806338, 25.1053410266043], [55.1792262541226, 25.1027796963964], [55.1819397090367, 25.0971674866134]]]}}, {"type": "Feature", "properties": {"area_id": "", "name": "MADINAT HIND 3", "type": "background"}, "geometry": {"type": "Polygon", "coordinates": [[[55.4076823230994, 25.0523737867498], [55.4039101858828, 25.0559113992786], [55.4133271149842, 25.0625821370853], [55.4313574555102, 25.046370125253], [55.4451308940145, 25.0308591600247], [55.4242054512579, 25.0124690637835], [55.4130898497344, 25.0007096822088], [55.4099823913503, 24.9989757476241], [55.4063875839843, 24.9984339758284], [55.4028802168819, 24.9987627956229], [55.4061436286007, 25.002484625101], [55.4071711648636, 25.0060970011736], [55.406697422029, 25.0343263228624], [55.4098842237873, 25.0472533277848], [55.4076823230994, 25.0523737867498]]]}}, {"type": "Feature", "properties": {"area_id": "dubai-islands", "name": "NAKHLAT DEIRA", "type": "yield"}, "geometry": {"type": "Polygon", "coordinates": [[[55.3349278974175, 25.307008586957], [55.3249079351089, 25.2952501251873], [55.325318385483, 25.2945800197772], [55.31085456875, 25.2845113918852], [55.2949133864603, 25.2759802198054], [55.2921311121941, 25.2839535548757], [55.2902499466098, 25.2860641926977], [55.2852623859311, 25.2981972973308], [55.2824806607156, 25.3022889409402], [55.2778492442613, 25.3065118485202], [55.2752830023383, 25.3064085563982], [55.2716869099955, 25.3101667669427], [55.2695585511785, 25.3111640329987], [55.2605120956064, 25.3095773831697], [55.2532376208296, 25.3093441781446], [55.2460372212428, 25.310313951931], [55.2384094280942, 25.3126812512182], [55.2227008053709, 25.3206586908736], [55.2072780297749, 25.3331431000337], [55.1972419338322, 25.3449853348493], [55.1913304974823, 25.3564020221114], [55.1888742048971, 25.367873236756], [55.1903380856153, 25.3792415897048], [55.1969710206638, 25.3836773617094], [55.2044571765845, 25.3867978271264], [55.2132704539599, 25.3886474765327], [55.2218608285389, 25.3891947099745], [55.2321982499606, 25.38836609969], [55.2420118415992, 25.386409859655], [55.2514706949417, 25.3833332827502], [55.2604247172531, 25.379241751751], [55.2746304222725, 25.3700390189014], [55.2817190100901, 25.3636138883521], [55.2860932056137, 25.3579364384601], [55.2948793134512, 25.3579143604724], [55.3315720751725, 25.3282342949849], [55.3380561590888, 25.3282797443645], [55.3412609475775, 25.3265687222708], [55.3430709819959, 25.3231178575624], [55.3432330286328, 25.3183025358111], [55.3396958346592, 25.3130515162942], [55.338812582843, 25.3128084068717], [55.3392098693289, 25.3109494499612], [55.3371468478899, 25.3077782153074], [55.3360765776765, 25.3063237342996], [55.3349278974175, 25.307008586957]]]}}, {"type": "Feature", "properties": {"area_id": "", "name": "JUMEIRA FIRST", "type": "background"}, "geometry": {"type": "Polygon", "coordinates": [[[55.2441904813738, 25.2133750998454], [55.2440176681174, 25.2118665006911], [55.2430232784064, 25.2105755645162], [55.2438301312731, 25.2100659541851], [55.2458155483594, 25.2113275858406], [55.244704524661, 25.2132103259802], [55.2471239482827, 25.2146039513577], [55.2477717722598, 25.2160103429415], [55.2333308098528, 25.2239559069076], [55.2538902039832, 25.2510840112204], [55.2709342462916, 25.242312725627], [55.2696020663383, 25.2404625955691], [55.2725003072272, 25.2389514119248], [55.2690897764325, 25.2318636244029], [55.2655209062813, 25.2246673529843], [55.2536931570407, 25.2068868733178], [55.246655873089, 25.2099792521624], [55.2457140921417, 25.2087419772108], [55.243564206052, 25.2096246057837], [55.2428347563413, 25.2105590648525], [55.2441904813738, 25.2133750998454]]]}}, {"type": "Feature", "properties": {"area_id": "", "name": "MADINAT HIND 2", "type": "background"}, "geometry": {"type": "Polygon", "coordinates": [[[55.314737341017, 25.0424225344569], [55.3141746974471, 25.0420735393297], [55.3087758618595, 25.0493919952666], [55.3200939246827, 25.0584956234134], [55.332691296649, 25.064025841046], [55.3585755681203, 25.0690977718949], [55.3601227720797, 25.0651752860554], [55.361308146049, 25.0575548907539], [55.3670689915383, 25.0507699732397], [55.3349693441385, 25.0504275833825], [55.314737341017, 25.0424225344569]]]}}, {"type": "Feature", "properties": {"area_id": "al-jaddaf", "name": "AL JADAF", "type": "yield"}, "geometry": {"type": "Polygon", "coordinates": [[[55.3361965787726, 25.2107182938615], [55.3353113836236, 25.2079421748499], [55.3360128223839, 25.2073367979507], [55.335682456731, 25.2061695017127], [55.330726877249, 25.2039207511391], [55.3145884663886, 25.2037795467085], [55.3092326479962, 25.1962798911288], [55.3092310707877, 25.2001088481047], [55.3124250684227, 25.2053270746496], [55.3164106496438, 25.2287441812596], [55.322186864385, 25.226000460117], [55.3272581025345, 25.2256938306131], [55.3306223427837, 25.2268855215896], [55.3365544718595, 25.2316233925282], [55.3374134971972, 25.2311493892406], [55.3382565665206, 25.2318905235925], [55.3439794755245, 25.227803392039], [55.3447616885706, 25.2269816956654], [55.3455832799953, 25.2212063658904], [55.3434498245701, 25.2180486549321], [55.3375259879654, 25.2130891536552], [55.3361965787726, 25.2107182938615]]]}}, {"type": "Feature", "properties": {"area_id": "", "name": "AL QOUZ IND.THIRD", "type": "background"}, "geometry": {"type": "Polygon", "coordinates": [[[55.2204267516334, 25.1380052748935], [55.2325320551971, 25.1299797096892], [55.2182096709542, 25.1122305996334], [55.2020070750402, 25.1230589390426], [55.2115191151717, 25.1302166926839], [55.217936039125, 25.1396553517829], [55.2204267516334, 25.1380052748935]]]}}, {"type": "Feature", "properties": {"area_id": "dso", "name": "MUHAISANAH SECOND", "type": "yield"}, "geometry": {"type": "Polygon", "coordinates": [[[55.4325226592946, 25.2743080729474], [55.4392911656838, 25.2715320376754], [55.437173466925, 25.2679046316975], [55.4310227572988, 25.2609308437693], [55.429767521528, 25.2553077499595], [55.4055547045199, 25.2517377917228], [55.410337237174, 25.2644726986768], [55.4222700698715, 25.2785031983899], [55.4325226592946, 25.2743080729474]]]}}, {"type": "Feature", "properties": {"area_id": "", "name": "SAIH AL DAHAL", "type": "background"}, "geometry": {"type": "Polygon", "coordinates": [[[55.3827927310936, 24.8005974512482], [55.4094929593713, 24.7645289712625], [55.436619308167, 24.769921611141], [55.4615857279674, 24.7715566381452], [55.519359373112, 24.7718194937192], [55.5321042827779, 24.7545144478269], [55.5320032335084, 24.6917015979093], [55.4012056868235, 24.6918175490864], [55.4011538721935, 24.7222664107786], [55.3355662820813, 24.7058436745043], [55.3076766014281, 24.7058414977983], [55.3037203807371, 24.7176441209039], [55.293487753345, 24.730213512875], [55.2934789456277, 24.7578355442496], [55.3531947811525, 24.7742488577365], [55.3827927310936, 24.8005974512482]]]}}, {"type": "Feature", "properties": {"area_id": "", "name": "AL WOHOOSH", "type": "background"}, "geometry": {"type": "Polygon", "coordinates": [[[55.6112189949209, 25.0902834438396], [55.6013905821774, 25.1428117611429], [55.6146453137089, 25.143138696796], [55.6133408083022, 25.1512934171752], [55.6416556523844, 25.1514597559354], [55.6524990529423, 25.0997532907348], [55.648289637221, 25.0982730322938], [55.6262324382464, 25.0947256535719], [55.6112189949209, 25.0902834438396]]]}}, {"type": "Feature", "properties": {"area_id": "tilal-al-ghaf", "name": "AL HEBIAH SIXTH", "type": "yield"}, "geometry": {"type": "Polygon", "coordinates": [[[55.2619287427787, 25.0157135106046], [55.261483444691, 25.0188488830565], [55.2641713972358, 25.0227252720155], [55.2634710323166, 25.0263469634118], [55.2665039752389, 25.0303180793687], [55.2815962838075, 25.0222094330941], [55.2600573606394, 25.0028113793693], [55.2544059202621, 25.0082473500248], [55.2607317795528, 25.0117439860565], [55.2619072168542, 25.0138942509474], [55.2619287427787, 25.0157135106046]]]}}, {"type": "Feature", "properties": {"area_id": "", "name": "ENKHALI", "type": "background"}, "geometry": {"type": "Polygon", "coordinates": [[[55.5695369368617, 25.0775036151507], [55.5647586245695, 25.0719050547836], [55.5521194742445, 25.0820167905474], [55.5484684991036, 25.0858677734175], [55.5325328305804, 25.1189480674786], [55.5304721877621, 25.1262268229011], [55.5283359329336, 25.1422440488827], [55.6013905821774, 25.1428117611429], [55.6123276579844, 25.0843553417055], [55.5695369368617, 25.0775036151507]]]}}, {"type": "Feature", "properties": {"area_id": "arabian-ranches", "name": "WADI AL SAFA 2", "type": "yield"}, "geometry": {"type": "Polygon", "coordinates": [[[55.3655569270755, 25.1191776936587], [55.3789238812899, 25.1034022171576], [55.3373847778318, 25.0795479013607], [55.3332088299345, 25.0843635133281], [55.3338560979798, 25.0892177663997], [55.3309003191174, 25.0978969370743], [55.345574401686, 25.110151752124], [55.3649438016522, 25.1199009692512], [55.3655569270755, 25.1191776936587]]]}}, {"type": "Feature", "properties": {"area_id": "", "name": "WORLD ISLANDS", "type": "background"}, "geometry": {"type": "Polygon", "coordinates": [[[55.1220840874846, 25.2730376209521], [55.1952683888852, 25.2682316262268], [55.209377321278, 25.2416531982043], [55.2053019025397, 25.2236023179467], [55.2000586125198, 25.2108181651975], [55.1938583621799, 25.2013419714253], [55.1857385233059, 25.1938209434289], [55.1746517543366, 25.1867658829666], [55.1544033187551, 25.1820470620443], [55.1393314297499, 25.1854629107797], [55.1244528599553, 25.1948958771555], [55.1188301757694, 25.210497931989], [55.1220840874846, 25.2730376209521]]]}}, {"type": "Feature", "properties": {"area_id": "", "name": "AL SOUQ AL KABEER", "type": "background"}, "geometry": {"type": "Polygon", "coordinates": [[[55.2957491031285, 25.2651323418766], [55.3012795108573, 25.265701216254], [55.3013827665528, 25.2642923794004], [55.2975457689813, 25.2582506767877], [55.2945970826164, 25.2596581701269], [55.2886113065461, 25.2593495549254], [55.2843322490171, 25.2608376693849], [55.2910881082364, 25.2658045762605], [55.2926881364235, 25.2647375733755], [55.2957491031285, 25.2651323418766]]]}}, {"type": "Feature", "properties": {"area_id": "", "name": "AL HAMRIYA PORT", "type": "background"}, "geometry": {"type": "Polygon", "coordinates": [[[55.3371468876146, 25.307778269469], [55.3381566879015, 25.3092889979292], [55.3414053232512, 25.3072360292084], [55.3387437233395, 25.3034899012128], [55.3386939688051, 25.3011609082938], [55.327572520474, 25.2925670768111], [55.3249079351089, 25.2952501251873], [55.3349278974175, 25.307008586957], [55.3360765776765, 25.3063237342996], [55.3371468876146, 25.307778269469]]]}}, {"type": "Feature", "properties": {"area_id": "", "name": "JABAL ALI INDUSTRIAL THIRD", "type": "background"}, "geometry": {"type": "Polygon", "coordinates": [[[55.1039121028706, 24.9195924344064], [55.0607748635856, 24.8918392772151], [55.054836450882, 24.8964170475107], [55.0281716779961, 24.9112307025911], [55.0208817064391, 24.9168465826068], [55.0101995307297, 24.9290625357554], [55.0623646131667, 24.9470201307303], [55.0664439731803, 24.9431228907724], [55.1039121028706, 24.9195924344064]]]}}, {"type": "Feature", "properties": {"area_id": "", "name": "UMM SUQEIM FIRST", "type": "background"}, "geometry": {"type": "Polygon", "coordinates": [[[55.2102996492497, 25.1690939507093], [55.2118451173242, 25.1790646714267], [55.2142391973258, 25.1787560540195], [55.2139084730319, 25.1777200053101], [55.2153962027623, 25.175848623425], [55.2190843764566, 25.1738154707182], [55.2198175755773, 25.1747458422508], [55.2276587356213, 25.1696422187436], [55.2159382342738, 25.1546932554623], [55.2077107265198, 25.1597869153031], [55.2047074101524, 25.1625368483717], [55.2057730188394, 25.1629670111767], [55.2071381359247, 25.1660253446216], [55.2083549169448, 25.1661614257849], [55.2095254270938, 25.1693319668105], [55.2102996492497, 25.1690939507093]], [[55.2102969431853, 25.1690709966496], [55.2103234776143, 25.1690860265217], [55.2102996492497, 25.1690939507093], [55.2102969431853, 25.1690709966496]]]}}, {"type": "Feature", "properties": {"area_id": "dubai-south", "name": "DUBAI INVESTMENT PARK FIRST", "type": "yield"}, "geometry": {"type": "Polygon", "coordinates": [[[55.1846276305792, 24.9974896243237], [55.1878584032928, 24.9961928635565], [55.1858149582683, 24.9903320243201], [55.1855574066714, 24.9820535722041], [55.1820034613648, 24.9644373645628], [55.1608639629493, 24.9690815967473], [55.1422673698475, 24.9749834775803], [55.1481026131744, 24.9993985624398], [55.1525462525184, 25.0089460389981], [55.1581514609308, 25.0172760435129], [55.1638426454717, 25.0140508179452], [55.1746451067988, 25.0033471586173], [55.1846276305792, 24.9974896243237]]]}}, {"type": "Feature", "properties": {"area_id": "mbr-city", "name": "NADD AL SHIBA FOURTH", "type": "yield"}, "geometry": {"type": "Polygon", "coordinates": [[[55.3700161900831, 25.1433427905655], [55.3819747555838, 25.1386902840821], [55.3756145707671, 25.1289337073839], [55.3649438016522, 25.1199009692512], [55.3463729057147, 25.1420107079052], [55.3615386563772, 25.1514421351806], [55.3667539192065, 25.1454017875816], [55.3700161900831, 25.1433427905655]]]}}, {"type": "Feature", "properties": {"area_id": "international-city", "name": "WARSAN FOURTH", "type": "yield"}, "geometry": {"type": "Polygon", "coordinates": [[[55.3992471951765, 25.1405627502352], [55.3849972373022, 25.1456263305081], [55.3911087115186, 25.1605150043943], [55.3974051289852, 25.1566577637875], [55.4168503012393, 25.1493088892315], [55.4268296967806, 25.138903480216], [55.4082291092503, 25.1252325594285], [55.4019079450808, 25.1311457146849], [55.3947950189592, 25.1339961453279], [55.3959282837442, 25.1343893927179], [55.3966589551922, 25.1364265826313], [55.3999788189194, 25.1403027310654], [55.3992471951765, 25.1405627502352]]]}}, {"type": "Feature", "properties": {"area_id": "", "name": "HESSYAN SECOND", "type": "background"}, "geometry": {"type": "Polygon", "coordinates": [[[54.9889326872178, 24.9738329913942], [54.9944642905026, 24.9640789087239], [55.0053525638467, 24.9366138440884], [55.0101995517173, 24.9290625549843], [54.9589397283593, 24.9111321088013], [54.9467498766332, 24.9041332857522], [54.9403753837945, 24.8976207762011], [54.889565356795, 24.911207826029], [54.8517071149291, 24.9459022621685], [54.8562879772176, 24.9435159604011], [54.8531455057657, 24.9492140135295], [54.8984010430599, 24.9252066681799], [54.9102220027041, 24.9220696343988], [54.9465998258033, 24.9513618403071], [54.9553345070732, 24.9598120832386], [54.9608580782784, 24.9639909190394], [54.9609607075318, 24.9656081351912], [54.9624087567475, 24.9666897288439], [54.9655235845793, 24.9676284328117], [54.9673000087918, 24.9667508331824], [54.9712240263101, 24.9667114264456], [54.9724038403206, 24.9676452688791], [54.9755746516245, 24.9678489148645], [54.9823415870344, 24.9699229796355], [54.9834711414303, 24.9717886599933], [54.9889326872178, 24.9738329913942]]]}}, {"type": "Feature", "properties": {"area_id": "", "name": "ABU HAIL", "type": "background"}, "geometry": {"type": "Polygon", "coordinates": [[[55.3366876237702, 25.2852461493743], [55.3385541990389, 25.2837566181551], [55.3271263980756, 25.2786652745831], [55.3222308652242, 25.2878275291367], [55.3275725192329, 25.2925670756827], [55.3366876237702, 25.2852461493743]]]}}, {"type": "Feature", "properties": {"area_id": "", "name": "AL QUSAIS IND. SECOND", "type": "background"}, "geometry": {"type": "Polygon", "coordinates": [[[55.3982991635107, 25.2899982071152], [55.4009295852711, 25.2884714414327], [55.3966957838228, 25.2808363689978], [55.3962935402531, 25.2709518225865], [55.3847305177225, 25.2776544422401], [55.3947951356828, 25.2920217839044], [55.3982991635107, 25.2899982071152]]]}}, {"type": "Feature", "properties": {"area_id": "bluewaters", "name": "Bluewaters Island", "type": "yield"}, "geometry": {"type": "Polygon", "coordinates": [[[55.118, 25.079], [55.123, 25.081], [55.125, 25.079], [55.124, 25.076], [55.12, 25.075], [55.118, 25.077], [55.118, 25.079]]]}}, {"type": "Feature", "properties": {"area_id": "jvt", "name": "Jumeirah Village Triangle", "type": "yield"}, "geometry": {"type": "Polygon", "coordinates": [[[55.198, 25.054], [55.21, 25.058], [55.212, 25.052], [55.205, 25.048], [55.198, 25.05], [55.198, 25.054]]]}}]}